"","Bzonatus","Bmacilentus","Bplanus","Bfloreanus","Bpennsilvanicus","Bvafer","Bvicinus","Bmodoc","Bherculeanus","Bpturneri"
"H2O-c0","1","1","1","1","1","1","1","1","1","1"
"PPi-c0","1","1","1","1","1","1","1","1","1","1"
"Phosphate-c0","1","1","1","1","1","1","1","1","1","1"
"H+-c0","1","1","1","1","1","1","1","1","1","1"
"CO2-c0","1","1","1","1","1","1","1","1","1","1"
"ALCTT-c0","1","1","1","1","1","1","1","1","1","1"
"Pyruvate-c0","1","1","1","1","1","1","1","1","1","1"
"Glyoxalate-c0","1","1","1","1","1","1","1","1","1","1"
"Tartronate semialdehyde-c0","1","1","1","1","1","1","1","1","1","1"
"2-Hydroxyethyl-ThPP-c0","1","1","1","1","1","1","1","1","1","1"
"TPP-c0","1","1","1","1","1","1","1","1","1","1"
"O2-c0","1","1","1","1","1","1","1","1","1","1"
"6-7-Dimethyl-8--1-D-ribityllumazine-c0","1","1","1","1","1","1","1","1","1","1"
"Sucrose-c0","0","0","0","0","0","0","0","0","0","1"
"Cytochrome c2+-c0","1","1","1","1","1","1","1","1","1","1"
"Riboflavin-c0","1","1","1","1","1","1","1","1","1","1"
"Fe2+-c0","1","1","1","1","1","1","1","1","1","1"
"D-Glucose-c0","1","0","1","1","0","0","1","0","0","1"
"Cytochrome c3+-c0","1","1","1","1","1","1","1","1","1","1"
"4--1-D-Ribitylamino-5-aminouracil-c0","1","1","1","1","1","1","1","1","1","1"
"fe3-c0","1","1","1","1","1","1","1","1","1","1"
"1F-beta-D-Fructosylsucrose-c0","0","0","0","0","0","0","0","0","0","1"
"Porphobilinogen-c0","1","1","1","1","1","1","1","1","1","1"
"NH3-c0","1","1","1","1","1","1","1","1","1","1"
"Hydroxymethylbilane-c0","1","1","1","1","1","1","1","1","1","1"
"ATP-c0","1","1","1","1","1","1","1","1","1","1"
"ADP-c0","1","1","1","1","1","1","1","1","1","1"
"NAD-c0","1","1","1","1","1","1","1","1","1","1"
"NADH-c0","1","1","1","1","1","1","1","1","1","1"
"AMP-c0","1","1","1","1","1","1","1","1","1","1"
"Nicotinamide ribonucleotide-c0","1","1","1","1","1","1","1","1","1","0"
"NADP-c0","1","1","1","1","1","1","1","1","1","1"
"Urea-c0","1","1","1","1","1","1","1","1","1","1"
"Dephospho-CoA-c0","1","1","1","1","1","1","1","1","1","1"
"Triphosphate-c0","1","1","1","1","1","1","1","1","1","1"
"CoA-c0","1","1","1","1","1","1","1","1","1","1"
"2'-Deoxy-5-hydroxymethylcytidine-5'-diphosphate-c0","1","1","1","1","1","1","1","1","1","1"
"2'-Deoxy-5-hydroxymethylcytidine-5'-triphosphate-c0","1","1","1","1","1","1","1","1","1","1"
"Formate-c0","1","1","1","1","1","1","1","1","1","1"
"5-Hydroxymethyldeoxycytidylate-c0","1","1","1","1","1","1","1","1","1","1"
"NADPH-c0","1","1","1","1","1","1","1","1","1","1"
"Carbamoylphosphate-c0","1","1","1","1","1","1","1","1","1","1"
"UDP-c0","1","1","1","1","1","1","1","1","1","1"
"UTP-c0","1","1","1","1","1","1","1","1","1","1"
"UMP-c0","1","1","1","1","1","1","1","1","1","1"
"FAD-c0","1","1","1","1","1","1","1","1","1","1"
"FMN-c0","1","1","1","1","1","1","1","1","1","1"
"L-Methionine-c0","1","1","1","1","1","1","1","1","1","1"
"S-Adenosyl-L-methionine-c0","1","1","1","1","1","1","1","1","1","1"
"Adenosine 3-5-bisphosphate-c0","1","1","1","1","1","1","1","1","1","1"
"PRPP-c0","1","1","1","1","1","1","1","1","1","1"
"Adenine-c0","1","1","1","1","1","1","1","1","1","1"
"Phosphoenolpyruvate-c0","1","1","1","1","1","1","1","1","1","1"
"Acetyl-CoA-c0","1","1","1","1","1","1","1","1","1","1"
"L-Serine-c0","1","1","1","1","1","1","1","1","1","1"
"L-Glutamate-c0","1","1","1","1","1","1","1","1","1","1"
"D-Glutamate-c0","1","1","1","1","1","1","1","1","1","1"
"L-Glutamine-c0","1","1","1","1","1","1","1","1","1","1"
"Homocitrate-c0","1","1","0","1","1","0","0","1","1","0"
"2-Oxoglutarate-c0","1","1","1","1","1","1","1","1","1","1"
"4-Oxobutanoate-c0","1","1","1","1","1","1","1","1","1","1"
"Oxalate-c0","1","1","1","1","1","1","1","1","1","1"
"H2O2-c0","1","1","1","1","1","1","1","1","1","1"
"O2--c0","1","1","1","1","1","1","1","1","1","1"
"Pyridoxamine phosphate-c0","1","1","1","1","1","1","1","1","1","1"
"Isocitrate-c0","1","1","1","1","1","0","1","1","1","1"
"Pyridoxal phosphate-c0","1","1","1","1","1","1","1","1","1","1"
"Pyridoxine phosphate-c0","1","1","1","1","1","1","1","1","1","1"
"Oxalosuccinate-c0","0","0","0","0","0","0","0","0","0","1"
"UDP-glucose-c0","1","1","1","1","1","1","1","1","1","1"
"Glucose-1-phosphate-c0","1","1","1","1","1","1","1","1","1","1"
"GDP-c0","1","1","1","1","1","1","1","1","1","1"
"GTP-c0","1","1","1","1","1","1","1","1","1","1"
"NDP-c0","1","1","1","1","1","1","1","1","1","1"
"NTP-c0","1","1","1","1","1","1","1","1","1","1"
"GMP-c0","1","1","1","1","1","1","1","1","1","1"
"L-Malate-c0","1","1","1","1","1","1","1","1","1","1"
"Oxaloacetate-c0","1","1","1","1","1","1","1","1","1","1"
"UDPglucuronate-c0","0","0","0","0","0","0","0","0","0","1"
"L-Aspartate-c0","1","1","1","1","1","1","1","1","1","1"
"L-Alanine-c0","1","1","1","1","1","1","1","1","1","1"
"Glycine-c0","1","1","1","1","1","1","1","1","1","1"
"D-Alanine-c0","1","1","1","1","1","1","1","1","1","1"
"Succinate-c0","1","1","1","1","1","1","1","1","1","1"
"Succinyl-CoA-c0","1","1","1","1","1","1","1","1","1","1"
"N-Acetyl-D-glucosamine1-phosphate-c0","1","1","1","1","1","1","1","1","1","1"
"UDP-N-acetylglucosamine-c0","1","1","1","1","1","1","1","1","1","1"
"Citrate-c0","1","1","1","1","1","1","1","1","1","1"
"7,8-Dihydroneopterin 3'-triphosphate-c0","1","1","1","1","1","1","1","1","1","1"
"2,5-Diamino-6-(5'-phosphoribosylamino)-4-pyrimidineone-c0","1","1","1","1","1","1","1","1","1","1"
"Formamidopyrimidine nucleoside triphosphate-c0","1","1","1","1","1","1","1","1","1","1"
"meso-2,6-Diaminopimelate-c0","1","1","1","1","1","1","1","1","1","1"
"L-Lysine-c0","1","1","1","1","1","1","1","1","1","1"
"4-Phospho-L-aspartate-c0","1","1","1","1","1","1","1","1","1","1"
"Iminoaspartate-c0","1","1","1","1","1","1","1","1","1","1"
"Fumarate-c0","1","1","1","1","1","1","1","1","1","1"
"3-phosphoadenylylsulfate-c0","1","1","1","1","1","1","1","1","1","1"
"Sulfate-c0","1","1","1","1","1","1","1","1","1","1"
"APS-c0","1","1","1","1","1","1","1","1","1","1"
"CMP-c0","1","1","1","1","1","1","1","1","1","1"
"CDP-c0","1","1","1","1","1","1","1","1","1","1"
"CTP-c0","1","1","1","1","1","1","1","1","1","1"
"H2CO3-c0","1","1","1","1","1","1","1","1","1","1"
"O-Acetyl-L-serine-c0","1","1","1","1","1","1","1","1","1","1"
"Dehydroalanine-c0","1","1","1","0","0","0","1","0","0","0"
"3-Carboxy-1-hydroxypropyl-ThPP-c0","1","1","1","1","1","1","1","1","1","1"
"Succinatesemialdehyde-thiamindiphosphateanion-c0","1","1","1","1","1","1","1","1","1","1"
"2-Oxobutyrate-c0","1","1","1","1","1","1","1","1","1","1"
"MTTL-c0","1","1","1","1","1","1","1","1","1","1"
"O-Acetyl-L-homoserine-c0","1","1","1","1","1","1","1","1","1","1"
"2-Phospho-D-glycerate-c0","1","1","1","1","1","1","1","1","1","1"
"Acetate-c0","1","1","1","1","1","1","1","1","1","1"
"UDP-N-acetylglucosamine enolpyruvate-c0","1","1","1","1","1","1","1","1","1","1"
"indol-c0","1","1","1","1","1","1","1","1","1","1"
"L-Tryptophan-c0","1","1","1","1","1","1","1","1","1","1"
"Indolepyruvate-c0","1","1","1","1","1","1","1","1","1","1"
"L-Phenylalanine-c0","1","1","1","1","1","1","1","1","1","1"
"Phenylpyruvate-c0","1","1","1","1","1","1","1","1","1","1"
"ITP-c0","1","1","1","1","1","1","1","1","1","1"
"IMP-c0","1","1","1","1","1","1","1","1","1","1"
"IDP-c0","1","1","1","1","1","1","1","1","1","1"
"L-Tyrosine-c0","1","1","1","1","1","1","1","1","1","1"
"p-hydroxyphenylpyruvate-c0","1","1","1","1","1","1","1","1","1","1"
"Malonyl-CoA-c0","1","1","1","1","1","1","1","1","1","1"
"D-fructose-6-phosphate-c0","1","1","1","1","1","1","1","1","1","1"
"D-fructose-1,6-bisphosphate-c0","1","1","1","1","1","1","1","1","1","1"
"D-Glucosamine phosphate-c0","1","1","1","1","1","1","1","1","1","1"
"D-glucose-6-phosphate-c0","1","1","1","1","1","1","1","1","1","1"
"Allophanate-c0","1","1","1","1","1","1","1","1","1","1"
"L-Cysteine-c0","1","1","1","1","1","1","1","1","1","1"
"H2S-c0","1","1","1","1","1","1","1","1","1","1"
"6-phospho-D-glucono-1-5-lactone-c0","1","1","1","1","1","1","1","1","1","1"
"Glycerol-3-phosphate-c0","1","1","1","1","1","1","1","1","1","1"
"Glycerone-phosphate-c0","1","1","1","1","1","1","1","1","1","1"
"Sulfite-c0","1","1","1","1","1","1","1","1","1","1"
"Mercaptopyruvate-c0","1","1","1","1","1","1","1","1","1","1"
"Cys-Gly-c0","1","1","1","1","1","1","1","1","1","1"
"Tetrahydrofolate-c0","1","1","1","1","1","1","1","1","1","1"
"THF-L-glutamate-c0","1","1","1","1","1","1","1","1","1","1"
"Dihydrofolate-c0","1","1","1","1","1","1","1","1","1","1"
"10-Formyltetrahydrofolate-c0","1","1","1","1","1","1","1","1","1","1"
"5-10-Methylenetetrahydrofolate-c0","1","1","1","1","1","1","1","1","1","1"
"Homocysteine-c0","1","1","1","1","1","1","1","1","1","1"
"5-Methyltetrahydrofolate-c0","1","1","1","1","1","1","1","1","1","1"
"Uracil-c0","1","1","1","1","1","1","1","1","1","1"
"Chorismate-c0","1","1","1","1","1","1","1","1","1","1"
"Anthranilate-c0","1","1","1","1","1","1","1","1","1","1"
"D-erythro-3-Methylmalate-c0","1","1","1","1","1","1","1","1","1","1"
"L-Threonine-c0","1","1","1","1","1","1","1","1","1","1"
"Cystathionine-c0","1","1","1","1","1","1","1","1","1","1"
"Glycerone-c0","1","1","1","1","1","1","1","1","1","1"
"Glyceraldehyde3-phosphate-c0","1","1","1","1","1","1","1","1","1","1"
"ribose-5-phosphate-c0","1","1","1","1","1","1","1","1","1","1"
"D-Ribulose5-phosphate-c0","1","1","1","1","1","1","1","1","1","1"
"1,3-Bisphospho-D-glycerate-c0","1","1","1","1","1","1","1","1","1","1"
"Ribose 1-phosphate-c0","0","0","1","1","1","0","1","1","1","1"
"D-Xylulose5-phosphate-c0","1","1","1","1","1","1","1","1","1","1"
"D-Erythrose4-phosphate-c0","1","1","1","1","1","1","1","1","1","1"
"Phosphoribosyl-ATP-c0","1","1","1","1","1","1","1","1","1","1"
"N-5-phosphoribosyl-anthranilate-c0","1","1","1","1","1","1","1","1","1","1"
"Uridine-c0","1","1","1","1","1","1","1","1","1","1"
"D-Ribose-c0","1","1","1","1","1","1","1","1","1","1"
"Adenylosuccinate-c0","1","1","1","1","1","1","1","1","1","1"
"BIOT-c0","1","1","1","1","1","1","1","1","1","1"
"L-Leucine-c0","1","1","1","1","1","1","1","1","1","1"
"Biotinyl-5-AMP-c0","0","0","0","0","1","0","1","1","1","1"
"4MOP-c0","1","1","1","1","1","1","1","1","1","1"
"FAICAR-c0","1","1","1","1","1","1","1","1","1","1"
"Isopentenyldiphosphate-c0","1","1","1","1","1","1","1","1","1","1"
"XMP-c0","1","1","1","1","1","1","1","1","1","1"
"DMAPP-c0","1","1","1","1","1","1","1","1","1","1"
"dADP-c0","1","1","1","1","1","1","1","1","1","1"
"dATP-c0","1","1","1","1","1","1","1","1","1","1"
"Ala-Ala-c0","1","1","1","1","1","1","1","1","1","1"
"Agmatine-c0","1","1","1","1","1","1","1","1","0","1"
"Putrescine-c0","1","1","1","1","1","1","1","1","0","1"
"L-Histidinol-c0","1","1","1","1","1","1","1","1","1","1"
"L-Histidine-c0","1","1","1","1","1","1","1","1","1","1"
"L-Histidinal-c0","1","1","1","1","1","1","1","1","1","1"
"Butyrate-c0","1","1","1","1","1","1","1","1","1","1"
"Butyryl-CoA-c0","1","1","1","1","1","1","1","1","1","1"
"2,3-Dihydroxy-isovalerate-c0","1","1","1","1","1","1","1","1","1","1"
"3-Methyl-2-oxobutanoate-c0","1","1","1","1","1","1","1","1","1","1"
"Isobutyryl-CoA-c0","1","1","1","1","1","1","1","1","1","1"
"2-Isopropylmalate-c0","1","1","1","1","1","1","1","1","1","1"
"L-Valine-c0","1","1","1","1","1","1","1","1","1","1"
"5-10-Methenyltetrahydrofolate-c0","1","1","1","1","1","1","1","1","1","1"
"Guanine-c0","1","1","1","1","1","1","1","1","1","1"
"Inositol 1-phosphate-c0","0","0","0","0","1","0","1","1","1","1"
"Malyl-CoA-c0","1","1","1","1","1","1","1","1","1","1"
"L-Inositol-c0","0","1","0","0","1","1","1","1","1","1"
"Palmitate-c0","1","1","1","1","1","1","1","1","1","1"
"Inositol 4-phosphate-c0","0","0","0","0","1","0","1","1","1","1"
"Palmitoyl-CoA-c0","1","1","1","1","1","1","1","1","1","1"
"Inositol 3-phosphate-c0","0","0","0","0","1","0","1","1","1","1"
"Ornithine-c0","1","1","1","1","1","1","1","1","1","1"
"Citrulline-c0","1","1","1","1","1","1","1","1","1","1"
"O-Phospho-L-homoserine-c0","1","1","1","1","1","1","1","1","1","1"
"3-Phosphoglycerate-c0","1","1","1","1","1","1","1","1","1","1"
"DPG-c0","1","1","1","1","1","1","1","1","1","1"
"6-Phospho-D-gluconate-c0","1","1","1","1","1","1","1","1","1","1"
"dAMP-c0","1","1","1","1","1","1","1","1","1","1"
"D-Arabinose5-phosphate-c0","1","1","1","1","1","1","1","1","1","1"
"Thymidine-c0","1","1","1","1","1","1","1","1","1","1"
"dTMP-c0","1","1","1","1","1","1","1","1","1","1"
"Sedoheptulose7-phosphate-c0","1","1","1","1","1","1","1","1","1","1"
"Isovaleryl-CoA-c0","1","1","1","1","1","1","1","1","1","1"
"10-Formyl-THF-L-glutamate-c0","1","1","1","1","1","1","1","1","1","1"
"dCMP-c0","1","1","1","1","1","1","1","1","1","1"
"cis-Aconitate-c0","0","0","0","0","0","0","0","0","0","1"
"dCDP-c0","1","1","1","1","1","1","1","1","1","1"
"UDPgalacturonate-c0","0","0","0","0","0","0","0","0","0","1"
"Dihydrolipoamide-c0","1","1","1","1","1","1","1","1","1","1"
"Lipoamide-c0","1","1","1","1","1","1","1","1","1","1"
"S-Acetyldihydrolipoamide-c0","1","1","1","1","1","1","1","1","1","1"
"S-Succinyldihydrolipoamide-c0","1","1","1","1","1","1","1","1","1","1"
"PM-c0","1","1","1","1","1","1","1","1","1","1"
"Pyridoxal-c0","1","1","1","1","1","1","1","1","1","1"
"Pyridoxol-c0","1","1","1","1","1","1","1","1","1","1"
"5-O--1-Carboxyvinyl-3-phosphoshikimate-c0","1","1","1","1","1","1","1","1","1","1"
"Prephenate-c0","1","1","1","1","1","1","1","1","1","1"
"ADC-c0","1","1","1","1","1","1","1","1","1","1"
"Geranyldiphosphate-c0","1","1","1","1","1","1","1","1","1","1"
"(R)-S-Lactoylglutathione-c0","1","1","1","1","1","1","1","1","1","1"
"GSH-c0","1","1","1","1","1","1","1","1","1","1"
"D-Lactate-c0","1","1","1","1","1","1","1","1","1","1"
"L-Cysteate-c0","1","1","1","1","1","1","1","1","1","1"
"L-Homoserine-c0","1","1","1","1","1","1","1","1","1","1"
"Taurine-c0","0","0","0","0","1","0","1","1","1","0"
"L-Aspartate4-semialdehyde-c0","1","1","1","1","1","1","1","1","1","1"
"O-Succinyl-L-homoserine-c0","1","1","1","1","1","1","1","1","1","1"
"4-Phosphoerythronate-c0","1","1","1","1","1","1","1","1","1","1"
"DAHP-c0","1","1","1","1","1","1","1","1","1","1"
"Sedoheptulose 1,7-bisphosphate-c0","1","1","1","1","1","1","1","1","1","1"
"dGTP-c0","1","1","1","1","1","1","1","1","1","1"
"dGMP-c0","1","1","1","1","1","1","1","1","1","1"
"dGDP-c0","1","1","1","1","1","1","1","1","1","1"
"2-Oxoadipate-c0","1","1","1","1","1","1","1","1","1","1"
"Glutaryl-CoA-c0","1","1","1","1","1","1","1","1","1","1"
"S-Glutaryldihydrolipoamide-c0","1","1","1","1","1","1","1","1","1","1"
"N-Acetyl-D-glucosamine 6-phosphate-c0","1","1","1","1","1","1","1","1","1","1"
"D-Glucosamine1-phosphate-c0","1","1","1","1","1","1","1","1","1","1"
"dTDP-c0","1","1","1","1","1","1","1","1","1","1"
"TTP-c0","1","1","1","1","1","1","1","1","1","1"
"dUMP-c0","1","1","1","1","1","1","1","1","1","1"
"4-Guanidinobutanoate-c0","0","0","1","0","0","0","0","0","0","0"
"dUDP-c0","1","1","1","1","1","1","1","1","1","1"
"GABA-c0","1","1","1","1","1","0","1","1","1","1"
"Deoxyuridine-c0","1","1","1","1","1","1","1","1","1","1"
"2-Keto-3-deoxy-6-phosphogluconate-c0","0","0","0","1","0","0","0","0","0","0"
"dUTP-c0","1","1","1","1","1","1","1","1","1","1"
"Thiamin-c0","1","1","1","1","1","1","1","1","1","1"
"Thiamine phosphate-c0","1","1","1","1","1","1","1","1","1","1"
"L-Isoleucine-c0","1","1","1","1","1","1","1","1","1","1"
"3MOP-c0","1","1","1","1","1","1","1","1","1","1"
"Dihydropteroate-c0","1","1","1","1","1","1","1","1","1","1"
"(2S,4S)-4-Hydroxy-2,3,4,5-tetrahydrodipicolinate-c0","1","1","1","1","1","1","1","1","1","1"
"Farnesyldiphosphate-c0","1","1","1","1","1","1","1","1","1","1"
"dCTP-c0","1","1","1","1","1","1","1","1","1","1"
"Indoleglycerol phosphate-c0","1","1","1","1","1","1","1","1","1","1"
"Itaconate-c0","1","1","1","1","1","1","1","1","1","1"
"Itaconyl-CoA-c0","1","1","1","1","1","1","1","1","1","1"
"L-Cystine-c0","1","1","1","1","1","1","1","1","1","1"
"Folate-c0","0","0","0","1","1","0","1","1","1","0"
"Thiocysteine-c0","1","1","1","1","1","1","1","1","1","1"
"Shikimate-c0","1","1","1","1","1","1","1","1","1","1"
"Cytidine-c0","0","0","1","1","1","0","1","1","1","1"
"3-phosphoshikimate-c0","1","1","1","1","1","1","1","1","1","1"
"Cytosine-c0","0","0","1","1","1","0","1","1","1","1"
"3-Dehydroshikimate-c0","1","1","1","1","1","1","1","1","1","1"
"N-D-Ribosylpyrimidine-c0","0","0","1","1","1","0","1","1","1","1"
"5-Dehydroshikimate-c0","1","1","1","1","1","1","1","1","1","1"
"Pyrimidine-c0","0","0","1","1","1","0","1","1","1","1"
"D-Malate-c0","1","1","1","1","1","1","1","1","1","1"
"Maleate-c0","1","1","1","1","1","1","1","1","1","1"
"3-Sulfopyruvate-c0","1","1","1","1","1","1","1","1","1","1"
"Pantoate-c0","1","1","1","1","1","1","1","1","1","1"
"2-Dehydropantoate-c0","1","1","1","1","1","1","1","1","1","1"
"L-Arabinonate-c0","1","1","1","1","1","1","1","1","1","1"
"2-Dehydro-3-deoxy-L-pentonate-c0","1","1","1","1","1","1","1","1","1","1"
"D-fructose-1-phosphate-c0","1","1","1","1","1","1","1","1","1","1"
"D-Glyceraldehyde-c0","1","1","1","1","1","1","1","1","1","1"
"3-Sulfinoalanine-c0","1","1","1","1","1","1","1","1","1","1"
"3-Sulfinopyruvate-c0","1","1","1","1","1","1","1","1","1","1"
"S-(2-Methylpropionyl)-dihydrolipoamide-c0","0","1","1","1","1","1","1","1","1","0"
"5-Hydroxy-L-tryptophan-c0","1","1","1","1","1","1","1","1","1","1"
"5-Hydroxyindolepyruvate-c0","1","1","1","1","1","1","1","1","1","1"
"XTP-c0","1","1","1","1","1","1","1","1","1","0"
"N-Succinyl-L-2,6-diaminopimelate-c0","1","1","1","1","1","1","1","1","1","1"
"LL-2,6-Diaminopimelate-c0","1","1","1","1","1","1","1","1","1","1"
"beta-D-Glucose 6-phosphate-c0","1","1","1","1","1","1","1","1","1","1"
"UDP-N-acetylmuramoyl-L-alanine-c0","1","1","1","1","1","1","1","1","1","1"
"UDP-N-acetylmuramoyl-L-alanyl-D-glutamate-c0","1","1","1","1","1","1","1","1","1","1"
"UDP-N-acetylmuramoyl-L-alanyl-D-glutamyl-L-lysine-c0","1","1","1","1","1","1","1","1","1","1"
"UDP-N-acetylmuramoyl-L-alanyl-D-gamma-glutamyl-meso-2-6-diaminopimelate-c0","1","1","1","1","1","1","1","1","1","1"
"Hg-c0","1","1","1","1","1","1","1","1","1","0"
"Hg2+-c0","1","1","1","1","1","1","1","1","1","0"
"HCN-c0","1","1","1","1","1","1","1","1","1","1"
"Cysteine-c0","1","1","1","1","1","1","1","1","1","1"
"L-3-Cyanoalanine-c0","1","1","1","1","1","1","1","1","1","1"
"Siroheme-c0","1","1","1","1","1","1","1","1","1","1"
"Sirohydrochlorin-c0","1","1","1","1","1","1","1","1","1","1"
"Deamido-NAD-c0","1","1","1","1","1","1","1","1","1","1"
"Nicotinate ribonucleotide-c0","1","1","1","1","1","1","1","1","1","1"
"L-histidinol-phosphate-c0","1","1","1","1","1","1","1","1","1","1"
"4-Nitrophenyl phosphate-c0","1","1","1","1","1","1","1","1","1","1"
"PNP-c0","1","1","1","1","1","1","1","1","1","1"
"D-Galactonate-c0","1","1","1","1","1","1","1","1","1","1"
"2-Dehydro-3-deoxy-D-galactonate-c0","1","1","1","1","1","1","1","1","1","1"
"Phosphopantetheine-c0","1","1","1","1","1","1","1","1","1","1"
"ABEE-c0","1","1","1","1","1","1","1","1","1","1"
"6-hydroxymethyl dihydropterin-c0","1","1","1","1","1","1","1","1","1","1"
"2-Amino-4-hydroxy-6-hydroxymethyl-7-8-dihydropteridinediphosphate-c0","1","1","1","1","1","1","1","1","1","1"
"5-Dehydroquinate-c0","1","1","1","1","1","1","1","1","1","1"
"H2S2O3-c0","1","1","1","1","1","1","1","1","1","1"
"S-sulfocysteine-c0","1","1","1","1","1","1","1","1","1","1"
"UroporphyrinogenIII-c0","1","1","1","1","1","1","1","1","1","1"
"2-Methylbutyryl-CoA-c0","1","1","1","1","1","1","1","1","1","1"
"S-(2-Methylbutanoyl)-dihydrolipoamide-c0","0","1","1","1","1","1","1","1","1","0"
"UDP-MurNAc-c0","1","1","1","1","1","1","1","1","1","1"
"Pantetheine-c0","0","0","0","0","1","0","1","1","1","0"
"S-Adenosyl-homocysteine-c0","1","1","1","1","1","1","1","1","1","1"
"Precorrin 2-c0","1","1","1","1","1","1","1","1","1","1"
"D-Tagatose 6-phosphate-c0","1","1","1","1","1","1","1","1","1","1"
"D-Tagatose 1,6-biphosphate-c0","1","1","1","1","1","1","1","1","1","1"
"imidazole acetol-phosphate-c0","1","1","1","1","1","1","1","1","1","1"
"3-Deoxy-D-manno-octulosonate8-phosphate-c0","1","1","1","1","1","1","1","1","1","1"
"KDO-c0","1","1","1","1","1","1","1","1","1","1"
"CMP-KDO-c0","1","1","1","1","1","1","1","1","1","1"
"Guanosine 5'-triphosphate,3'-diphosphate-c0","1","1","1","1","1","1","1","1","1","1"
"Guanosine 3',5'-bis(diphosphate)-c0","1","1","1","1","1","1","1","1","1","1"
"D-erythro-imidazol-glycerol-phosphate-c0","1","1","1","1","1","1","1","1","1","1"
"5-Amino-6--5-phosphoribitylaminouracil-c0","1","1","1","1","1","1","1","1","1","1"
"5-Amino-6--5-phosphoribosylaminouracil-c0","1","1","1","1","1","1","1","1","1","0"
"1-(2-carboxyphenylamino)-1-deoxyribulose 5-phosphate-c0","1","1","1","1","1","1","1","1","1","1"
"dIDP-c0","1","1","1","1","1","1","1","1","1","1"
"dITP-c0","1","1","1","1","1","1","1","1","1","1"
"alpha-D-Hexose 1-phosphate-c0","0","0","1","1","1","0","1","1","1","1"
"dIMP-c0","1","1","1","1","1","1","1","1","1","0"
"alpha-D-Hexose 6-phosphate-c0","0","0","1","1","1","0","1","1","1","1"
"Selenide-c0","1","1","1","1","1","1","1","1","1","1"
"Selenite-c0","1","1","1","1","1","1","1","1","1","1"
"Selenocysteine-c0","1","1","1","1","1","1","1","1","1","1"
"D-Citramalate-c0","1","0","0","0","1","0","1","1","1","1"
"Citraconate-c0","1","0","0","0","1","0","1","1","1","1"
"2-Isopropylmaleate-c0","1","1","1","1","1","1","1","1","1","1"
"3-Isopropylmalate-c0","1","1","1","1","1","1","1","1","1","1"
"Phosphoribosyl-AMP-c0","1","1","1","1","1","1","1","1","1","1"
"(R)-4'-Phosphopantothenoyl-L-cysteine-c0","1","1","1","1","1","1","1","1","1","1"
"phosphoribosylformiminoaicar-phosphate-c0","1","1","1","1","1","1","1","1","1","1"
"S-(3-Methylbutanoyl)-dihydrolipoamide-c0","0","1","1","1","1","1","1","1","1","0"
"Dihydroneopterin-c0","1","1","1","1","1","1","1","1","1","1"
"N-Acetylmuramoyl-Ala-c0","1","1","1","1","1","1","1","1","1","1"
"Glycolaldehyde-c0","1","1","1","1","1","1","1","1","1","1"
"N-Acetyl-D-muramoate-c0","1","1","1","1","1","1","1","1","1","1"
"Dimethylacryloyl-CoA-c0","1","1","1","1","1","1","1","1","1","1"
"3-Methylglutaconyl-CoA-c0","1","1","1","1","1","1","1","1","1","1"
"phosphoserine-c0","1","1","1","1","1","1","1","1","1","1"
"3-Phosphonooxypyruvate-c0","1","1","1","1","1","1","1","1","1","1"
"tetrahydrodipicolinate-c0","1","1","1","1","1","1","1","1","1","1"
"3-Phospho-D-erythronate-c0","1","1","1","1","1","1","1","1","1","1"
"Phosphoenol-4-deoxy-3-tetrulosonate-c0","1","1","1","1","1","1","1","1","1","1"
"2-Oxo-3-hydroxy-4-phosphobutanoate-c0","1","1","1","1","1","1","1","1","1","1"
"N-Succinyl-L-2-amino-6-oxopimelate-c0","1","1","1","1","1","1","1","1","1","1"
"AICAR-c0","1","1","1","1","1","1","1","1","1","1"
"5-Amino-4-imidazolecarboxyamide-c0","1","1","1","1","1","1","1","1","1","1"
"5-Methyltetrahydropteroyltri-L-glutamate-c0","1","1","1","1","1","1","1","1","1","1"
"Tetrahydropteroyltri-L-glutamate-c0","1","1","1","1","1","1","1","1","1","1"
"2-isopropyl-3-oxosuccinate-c0","1","1","1","1","1","1","1","1","1","1"
"2-Oxo-3-hydroxyisovalerate-c0","1","1","1","1","1","1","1","1","1","1"
"3-4-dihydroxy-2-butanone4-phosphate-c0","1","1","1","1","1","1","1","1","1","1"
"UDP-2,3-bis(3-hydroxytetradecanoyl)glucosamine-c0","1","1","1","1","1","1","1","1","1","1"
"Lipid X-c0","1","1","1","1","1","1","1","1","1","1"
"phosphoribulosylformimino-AICAR-phosphate-c0","1","1","1","1","1","1","1","1","1","1"
"SAICAR-c0","1","1","1","1","1","1","1","1","1","1"
"Methylisocitrate-c0","0","0","0","0","0","0","0","0","0","1"
"UDP-N-acetylmuramoyl-L-alanyl-D-glutamyl-L-lysyl-D-alanyl-D-alanine-c0","1","1","1","1","1","1","1","1","1","1"
"cis-2-Methylaconitate-c0","0","0","0","0","0","0","0","0","0","1"
"UDP-3-O-(beta-hydroxymyristoyl)-N-acetylglucosamine-c0","1","1","1","1","1","1","1","1","1","1"
"UDP-3-O-(beta-hydroxymyristoyl)-D-glucosamine-c0","1","1","1","1","1","1","1","1","1","1"
"Lipid A disaccharide-c0","1","1","1","1","1","1","1","1","1","1"
"UDP-N-acetylmuramoyl-L-alanyl-D-glutamyl-6-carboxy-L-lysyl-D-alanyl- D-alanine-c0","1","1","1","1","1","1","1","1","1","1"
"2,5-Diamino-6-(5'-triphosphoryl-3',4'-trihydroxy-2'-oxopentyl)- amino-4-oxopyrimidine-c0","1","1","1","1","1","1","1","1","1","1"
"Lipid IV(A)-c0","1","1","1","1","1","1","1","1","1","1"
"KDO-lipid IV(A)-c0","1","1","1","1","1","1","1","1","1","1"
"2-Aceto-2-hydroxybutanoate-c0","1","1","1","1","1","1","1","1","1","1"
"3-Hexaprenyl-4,5-dihydroxybenzoate-c0","1","1","1","1","1","1","1","1","1","1"
"3-Hexaprenyl-4-hydroxy-5-methoxybenzoate-c0","1","1","1","1","1","1","1","1","1","1"
"Selenomethionine-c0","1","1","1","1","1","1","1","1","1","1"
"Methaneselenol-c0","1","1","1","1","1","1","1","1","1","1"
"N-Pantothenoylcysteine-c0","0","0","0","0","1","0","1","1","1","0"
"Se-Adenosylselenomethionine-c0","1","1","1","1","1","1","1","1","1","1"
"Adenylylselenate-c0","1","1","1","1","1","1","1","1","1","1"
"3'-Phosphoadenylylselenate-c0","1","1","1","1","1","1","1","1","1","1"
"Selenate-c0","1","1","1","1","1","1","1","1","1","1"
"Selenocystathionine-c0","1","1","1","1","1","1","1","1","1","1"
"Selenohomocysteine-c0","1","1","1","1","1","1","1","1","1","1"
"O-Acetylhomoserine-c0","1","1","1","1","1","1","1","1","1","1"
"O-Succinylhomoserine-c0","1","1","1","1","1","1","1","1","1","1"
"2-Hexaprenyl-6-methoxy-1,4-benzoquinone-c0","1","1","1","1","1","1","1","1","1","1"
"2-Hexaprenyl-3-methyl-6-methoxy-1,4-benzoquinone-c0","1","1","1","1","1","1","1","1","1","1"
"2-Octaprenyl-6-hydroxyphenol-c0","1","1","1","1","1","1","1","1","1","1"
"2-Octaprenyl-6-methoxyphenol-c0","1","1","1","1","1","1","1","1","1","1"
"2-Octaprenyl-6-methoxy-1,4-benzoquinone-c0","1","1","1","1","1","1","1","1","1","1"
"2-Octaprenyl-3-methyl-6-methoxy-1,4-benzoquinone-c0","1","1","1","1","1","1","1","1","1","1"
"Undecaprenyl-diphospho-N-acetylmuramoyl-L-alanyl-D-glutamyl-meso-2-6-diaminopimeloyl-D-alanyl-D-alanine-c0","1","1","1","1","1","1","1","1","1","1"
"Undecaprenyl-diphospho-N-acetylmuramoyl--N-acetylglucosamine-L-ala-D-glu-meso-2-6-diaminopimeloyl-D-ala-D-ala-c0","1","1","1","1","1","1","1","1","1","1"
"2,5-Diaminopyrimidine nucleoside triphosphate-c0","1","1","1","1","1","1","1","1","1","1"
"2,3-Dihydroxy-3-methylvalerate-c0","1","1","1","1","1","1","1","1","1","1"
"(R)-3-Hydroxy-3-methyl-2-oxopentanoate-c0","1","1","1","1","1","1","1","1","1","1"
"4-(Phosphonooxy)-threonine-c0","1","1","1","1","1","1","1","1","1","1"
"kdo2-lipid iva-c0","1","1","1","1","1","1","1","1","1","1"
"4-Hydroxy-L-threonine-c0","1","1","1","1","1","1","1","1","1","1"
"N-Acetyl-D-galactosamine 6-phosphate-c0","1","1","1","1","1","1","1","1","1","1"
"D-Galactosamine 6-phosphate-c0","1","1","1","1","1","1","1","1","1","1"
"4-Hydroxybenzoate-c0","1","1","1","1","1","1","1","1","1","1"
"all-trans-Hexaprenyl diphosphate-c0","1","1","1","1","1","1","1","1","1","1"
"ADP-D-glycero-D-manno-heptose-c0","1","1","1","1","1","1","1","1","1","1"
"3-Hexaprenyl-4-hydroxybenzoate-c0","1","1","1","1","1","1","1","1","1","1"
"ADP-L-glycero-D-manno-heptose-c0","1","1","1","1","1","1","1","1","1","1"
"Undecaprenylphosphate-c0","1","1","1","1","1","1","1","1","1","1"
"UDPMurAc(oyl-L-Ala-D-gamma-Glu-L-Lys-D-Ala-D-Ala)-c0","1","1","1","1","1","1","1","1","1","1"
"MurAc(oyl-L-Ala-D-gamma-Glu-L-Lys-D-Ala-D-Ala)-diphospho- undecaprenol-c0","1","1","1","1","1","1","1","1","1","1"
"1-deoxy-D-xylulose5-phosphate-c0","1","1","1","1","1","1","1","1","1","1"
"Undecaprenyl-diphospho-N-acetylmuramoyl-(N-acetylglucosamine)-L-alanyl-gamma-D-glutamyl-L-lysyl-D-alanyl-D-alanine-c0","1","1","1","1","1","1","1","1","1","1"
"2-Amino-3-oxo-4-phosphonooxybutyrate-c0","1","1","1","1","1","1","1","1","1","1"
"3-Amino-2-oxopropyl phosphate-c0","1","1","1","1","1","1","1","1","1","1"
"D-Glycero-D-manno-heptose1-phosphate-c0","1","1","1","1","1","1","1","1","1","1"
"trans,trans,cis-Geranylgeranyl diphosphate-c0","1","1","1","1","1","1","1","1","1","1"
"2-C-methyl-D-erythritol4-phosphate-c0","1","1","1","1","1","1","1","1","1","1"
"D-Glycero-D-manno-heptose7-phosphate-c0","1","1","1","1","1","1","1","1","1","1"
"Bactoprenyl diphosphate-c0","1","1","1","1","1","1","1","1","1","1"
"4--cytidine5-diphospho-2-C-methyl-D-erythritol-c0","1","1","1","1","1","1","1","1","1","1"
"D-Glycero-D-manno-heptose1-7-bisphosphate-c0","1","1","1","1","1","1","1","1","1","1"
"Aminofructose 6-phosphate-c0","1","1","1","1","1","1","1","1","1","1"
"2-phospho-4--cytidine5-diphospho-2-C-methyl-D-erythritol-c0","1","1","1","1","1","1","1","1","1","1"
"Iminoerythrose 4-phosphate-c0","1","1","1","1","1","1","1","1","1","1"
"Demethylphylloquinone-c0","1","1","1","1","1","1","1","1","1","1"
"2-C-methyl-D-erythritol2-4-cyclodiphosphate-c0","1","1","1","1","1","1","1","1","1","1"
"Vitamin K1-c0","1","1","1","1","1","1","1","1","1","1"
"Isochorismate-c0","1","1","1","1","1","1","1","1","1","1"
"SHCHC-c0","1","1","1","1","1","1","1","1","1","1"
"2-(1,2-Dihydroxyethyl)-TPP-c0","1","1","1","1","1","1","1","1","1","1"
"3-Demethylubiquinone-9-c0","1","1","1","1","1","1","1","1","1","1"
"Ubiquinone-9-c0","1","1","1","1","1","1","1","1","1","1"
"Precorrin 1-c0","1","1","1","1","1","1","1","1","1","1"
"1-Hydroxy-2-methyl-2-butenyl 4-diphosphate-c0","1","1","1","1","1","1","1","1","1","1"
"Farnesylfarnesylgeraniol-c0","1","1","1","1","1","1","1","1","1","1"
"Solanesyl diphosphate-c0","1","1","1","1","1","1","1","1","1","1"
"Nonaprenyl-4-hydroxybenzoate-c0","1","1","1","1","1","1","1","1","1","1"
"Phosphate-e0","1","1","1","1","1","1","1","1","1","1"
"Mn2+-e0","1","1","1","1","1","1","1","1","1","1"
"Mn2+-c0","1","1","1","1","1","1","1","1","1","1"
"Zn2+-e0","1","1","1","1","1","1","1","1","1","1"
"Zn2+-c0","1","1","1","1","1","1","1","1","1","1"
"Sulfate-e0","1","1","1","1","1","1","1","1","1","1"
"Putrescine-e0","0","1","1","1","0","0","0","0","0","0"
"Co2+-e0","1","1","1","1","1","1","1","1","1","1"
"D-Glucose-e0","1","1","1","1","1","1","1","1","1","1"
"Co2+-c0","1","1","1","1","1","1","1","1","1","1"
"Xylose-e0","1","1","1","1","1","0","1","1","1","1"
"Xylose-c0","1","1","1","1","1","0","1","1","1","1"
"Maltose-e0","1","1","1","1","1","1","1","1","1","1"
"Maltose-c0","1","1","1","1","1","1","1","1","1","1"
"L-Arabinose-e0","1","1","1","1","1","1","1","0","0","1"
"L-Arabinose-c0","1","1","1","1","1","1","1","0","0","1"
"Choline-e0","1","0","0","1","0","0","0","0","0","1"
"Ni2+-e0","1","1","1","1","1","1","1","1","1","1"
"Choline-c0","1","0","0","1","0","0","0","0","0","1"
"Ni2+-c0","1","1","1","1","1","1","1","1","1","1"
"Galactose-e0","1","0","0","0","0","0","1","0","0","1"
"Spermidine-e0","1","1","1","1","1","1","1","1","1","1"
"Galactose-c0","1","0","0","0","0","0","1","0","0","1"
"Spermidine-c0","1","1","1","1","1","1","1","1","1","1"
"H2S2O3-e0","1","1","1","1","1","1","1","1","1","1"
"fe3-e0","1","1","1","1","1","1","1","1","1","1"
"L-Malate-e0","1","1","1","1","1","1","1","1","1","1"
"Na+-e0","1","1","1","1","1","1","1","1","1","1"
"Na+-c0","1","1","1","1","1","1","1","1","1","1"
"L-Alanine-e0","1","1","1","1","1","1","1","1","1","1"
"L-Glutamine-e0","1","1","1","1","1","1","1","1","1","1"
"L-Aspartate-e0","1","1","1","1","1","1","1","1","1","1"
"H+-e0","1","1","1","1","1","1","1","1","1","1"
"trdrd-c0","1","1","1","1","1","1","1","1","1","1"
"trdox-c0","1","1","1","1","1","1","1","1","1","1"
"fa1-c0","1","1","1","1","1","1","1","1","1","1"
"fa1coa-c0","1","1","1","1","1","1","1","1","1","1"
"fa4-c0","1","1","1","1","1","1","1","1","1","1"
"fa4coa-c0","1","1","1","1","1","1","1","1","1","1"
"fa3-c0","1","1","1","1","1","1","1","1","1","1"
"Heme-e0","0","0","0","0","1","0","1","1","1","0"
"fa3coa-c0","1","1","1","1","1","1","1","1","1","1"
"Heme-c0","0","0","0","0","1","0","1","1","1","0"
"fa6-c0","1","1","1","1","1","1","1","1","1","1"
"fa6coa-c0","1","1","1","1","1","1","1","1","1","1"
"fa12-c0","1","1","1","1","1","1","1","1","1","1"
"fa12coa-c0","1","1","1","1","1","1","1","1","1","1"
"fa11-c0","1","1","1","1","1","1","1","1","1","1"
"fa11coa-c0","1","1","1","1","1","1","1","1","1","1"
"L-Glutamate-e0","1","1","1","1","1","1","1","1","1","1"
"carboxybiotin-c0","1","1","1","1","1","1","1","1","1","1"
"Butyryl-ACP-c0","1","1","1","1","1","1","1","1","1","1"
"But-2-enoyl-[acyl-carrier protein]-c0","1","1","1","1","1","1","1","1","1","1"
"Myristoyl-ACP-c0","1","1","1","1","1","1","1","1","1","1"
"(2E)-Tetradecenoyl-[acp]-c0","1","1","1","1","1","1","1","1","1","1"
"Dodecanoyl-ACP-c0","1","1","1","1","1","1","1","1","1","1"
"(2E)-Dodecenoyl-[acp]-c0","1","1","1","1","1","1","1","1","1","1"
"Octanoyl-ACP-c0","1","1","1","1","1","1","1","1","1","1"
"(2E)-Octenoyl-[acp]-c0","1","1","1","1","1","1","1","1","1","1"
"Hexanoyl-ACP-c0","1","1","1","1","1","1","1","1","1","1"
"(2E)-Hexenoyl-[acp]-c0","1","1","1","1","1","1","1","1","1","1"
"Decanoyl-ACP-c0","1","1","1","1","1","1","1","1","1","1"
"(2E)-Decenoyl-[acp]-c0","1","1","1","1","1","1","1","1","1","1"
"hexadecanoyl-acp-c0","1","1","1","1","1","1","1","1","1","1"
"(2E)-Hexadecenoyl-[acp]-c0","1","1","1","1","1","1","1","1","1","1"
"(R)-3-Hydroxybutanoyl-[acyl-carrier protein]-c0","1","1","1","1","1","1","1","1","1","1"
"D-3-Hydroxyhexanoyl-[acp]-c0","1","1","1","1","1","1","1","1","1","1"
"R-3-hydroxypalmitoyl-acyl-carrierprotein--c0","1","1","1","1","1","1","1","1","1","1"
"(R)-3-Hydroxydecanoyl-[acyl-carrier protein]-c0","1","1","1","1","1","1","1","1","1","1"
"(R)-3-Hydroxyoctanoyl-[acyl-carrier protein]-c0","1","1","1","1","1","1","1","1","1","1"
"(R)-3-Hydroxytetradecanoyl-[acyl-carrier-protein]-c0","1","1","1","1","1","1","1","1","1","1"
"3-oxohexadecanoyl-acp-c0","1","1","1","1","1","1","1","1","1","1"
"3-Oxohexanoyl-[acp]-c0","1","1","1","1","1","1","1","1","1","1"
"3-oxodecanoyl-acp-c0","1","1","1","1","1","1","1","1","1","1"
"Acetoacetyl-ACP-c0","1","1","1","1","1","1","1","1","1","1"
"D-3-Hydroxydodecanoyl-[acp]-c0","1","1","1","1","1","1","1","1","1","1"
"3-oxododecanoyl-acp-c0","1","1","1","1","1","1","1","1","1","1"
"3-oxooctanoyl-acp-c0","1","1","1","1","1","1","1","1","1","1"
"3-oxotetradecanoyl-acp-c0","1","1","1","1","1","1","1","1","1","1"
"Malonyl-acyl-carrierprotein--c0","1","1","1","1","1","1","1","1","1","1"
"ACP-c0","1","1","1","1","1","1","1","1","1","1"
"Acetyl-ACP-c0","1","1","1","1","1","1","1","1","1","1"
"N-Acetyl-D-glucosamine-e0","1","1","1","1","1","1","1","1","1","1"
"Acetate-e0","1","1","1","1","1","1","1","1","1","1"
"Fe2+-e0","1","1","1","1","1","1","1","1","1","1"
"Formate-e0","1","1","1","1","1","1","1","1","1","1"
"D-Fructose-e0","1","1","1","1","1","1","1","1","1","1"
"Fumarate-e0","1","1","1","1","1","1","1","1","1","1"
"GLUM-e0","1","1","1","1","1","1","1","1","1","1"
"GLCN-e0","1","1","1","1","1","1","1","1","1","1"
"GLCN-c0","1","1","1","1","1","1","1","1","1","1"
"K+-e0","1","1","1","1","1","1","1","1","1","1"
"K+-c0","1","1","1","1","1","1","1","1","1","1"
"D-Mannose-e0","1","1","1","1","1","1","1","1","1","1"
"D-mannose-6-phosphate-c0","1","1","1","1","1","1","1","1","1","1"
"Molybdate-e0","1","1","1","1","1","1","1","1","1","1"
"Molybdate-c0","1","1","1","1","1","1","1","1","1","1"
"Puromycin-c0","1","1","1","1","1","1","1","1","1","1"
"Puromycin-e0","1","1","1","1","1","1","1","1","1","1"
"Succinate-e0","1","1","1","1","1","1","1","1","1","1"
"Ribitol-e0","1","1","1","1","1","1","1","1","1","1"
"Ribitol-c0","1","1","1","1","1","1","1","1","1","1"
"Myristic acid-c0","1","1","1","1","1","1","1","1","1","1"
"Myristoyl-CoA-c0","1","1","1","1","1","1","1","1","1","1"
"LACT-e0","1","0","0","0","0","0","0","0","0","1"
"Dinucleotide-c0","1","1","1","1","1","1","1","1","1","0"
"LACT-c0","1","0","0","0","0","0","0","0","0","1"
"Mononucleotide-c0","1","1","1","1","1","1","1","1","1","0"
"Amylotriose-e0","1","0","0","0","1","0","1","1","1","1"
"Ferrocytochrome c2-c0","1","1","1","1","1","1","1","1","1","1"
"Amylotriose-c0","1","0","0","0","1","0","1","1","1","1"
"Ferricytochrome c2-c0","1","1","1","1","1","1","1","1","1","1"
"Oxidizedferredoxin-c0","1","1","1","1","1","1","1","1","1","1"
"L-Inositol-e0","0","1","0","0","0","0","1","0","0","1"
"Reducedferredoxin-c0","1","1","1","1","1","1","1","1","1","1"
"S-Glutathionyl-L-cysteine-c0","1","1","1","1","1","1","1","1","1","1"
"Acyl-[acyl-carrier protein]-c0","1","1","1","1","1","1","1","1","1","1"
"trans-2,3-Dehydroacyl-[acyl-carrier protein]-c0","1","1","1","1","1","1","1","1","1","1"
"1,2-diacyl-sn-glycerol 3-phosphate-c0","1","1","1","1","1","1","1","1","1","1"
"CDP-diacylglycerol-c0","1","1","1","1","1","1","1","1","1","1"
"ps_BS-c0","1","1","1","1","1","1","1","1","1","1"
"Phosphatidylglycerophosphate-c0","1","1","1","1","1","1","1","1","1","0"
"L-Fucose-e0","1","0","0","0","0","0","0","0","0","1"
"Phosphatidylglycerol-c0","1","1","1","1","1","1","1","1","1","0"
"L-Fucose-c0","1","0","0","0","0","0","0","0","0","1"
"Phosphatidylethanolamine-c0","1","1","1","1","1","1","1","1","1","1"
"QH2-c0","1","1","1","1","1","1","1","1","1","1"
"Q-c0","1","1","1","1","1","1","1","1","1","1"
"Acyl-CoA-c0","1","1","1","1","1","1","1","1","1","1"
"2-Acyl-sn-glycerol 3-phosphate-c0","1","1","1","1","1","1","1","1","1","1"
"tRNA(Tyr)-c0","1","1","1","1","1","1","1","1","1","1"
"L-Tyrosyl-tRNA(Tyr)-c0","1","1","1","1","1","1","1","1","1","1"
"S-Alkyl-L-cysteine-c0","1","1","1","1","1","1","1","1","1","1"
"Alkyl thiol-c0","1","1","1","1","1","1","1","1","1","1"
"tRNA(Ala)-c0","1","1","1","1","1","1","1","1","1","1"
"L-Alanyl-tRNA-c0","1","1","1","1","1","1","1","1","1","1"
"S-(2-Methylbutanoyl)-dihydrolipoamide-E-c0","0","1","1","1","1","1","1","1","1","0"
"S-Aryl-L-cysteine-c0","1","1","1","1","1","1","1","1","1","1"
"RSH-c0","1","1","1","1","1","1","1","1","1","1"
"L-Arginine-c0","1","1","1","1","1","1","1","1","1","1"
"apo-ACP-c0","0","0","0","1","1","0","1","1","1","0"
"tRNA(Arg)-c0","1","1","1","1","1","1","1","1","1","1"
"L-Arginyl-tRNA-c0","1","1","1","1","1","1","1","1","1","1"
"tRNA(Asn)-c0","1","1","1","1","1","1","1","1","1","1"
"Asp-tRNA(Asn)-c0","1","1","1","1","1","1","1","1","1","1"
"L-Asparagine-c0","1","1","1","1","1","1","1","1","1","1"
"Asn-tRNA(Asn)-c0","1","1","1","1","1","1","1","1","1","1"
"tRNA(Cys)-c0","1","1","1","1","1","1","1","1","1","1"
"L-Cysteinyl-tRNA(Cys)-c0","1","1","1","1","1","1","1","1","1","1"
"tRNA(Gln)-c0","1","1","1","1","1","1","1","1","1","1"
"Insulin-c0","0","0","0","0","0","0","0","0","0","1"
"Gln-tRNA(Gln)-c0","1","1","1","1","1","1","1","1","1","1"
"Oxidized glutathione-c0","0","0","0","0","0","0","0","0","0","1"
"tRNA(Gly)-c0","1","1","1","1","1","1","1","1","1","1"
"Insulin dithiol-c0","0","0","0","0","0","0","0","0","0","1"
"Glycyl-tRNA(Gly)-c0","1","1","1","1","1","1","1","1","1","1"
"tRNA(His)-c0","1","1","1","1","1","1","1","1","1","1"
"L-Histidyl-tRNA(His)-c0","1","1","1","1","1","1","1","1","1","1"
"tRNA(Ile)-c0","1","1","1","1","1","1","1","1","1","1"
"L-Isoleucyl-tRNA(Ile)-c0","1","1","1","1","1","1","1","1","1","1"
"tRNA(Leu)-c0","1","1","1","1","1","1","1","1","1","1"
"L-Leucyl-tRNA-c0","1","1","1","1","1","1","1","1","1","1"
"tRNA(Met)-c0","1","1","1","1","1","1","1","1","1","1"
"L-Methionyl-tRNA-c0","1","1","1","1","1","1","1","1","1","1"
"tRNA(Phe)-c0","1","1","1","1","1","1","1","1","1","1"
"L-Phenylalanyl-tRNA(Phe)-c0","1","1","1","1","1","1","1","1","1","1"
"L-Proline-c0","1","1","1","1","1","1","1","1","1","1"
"tRNA(Pro)-c0","1","1","1","1","1","1","1","1","1","1"
"L-Prolyl-tRNA(Pro)-c0","1","1","1","1","1","1","1","1","1","1"
"tRNA(Ser)-c0","1","1","1","1","1","1","1","1","1","1"
"L-Seryl-tRNA(Ser)-c0","1","1","1","1","1","1","1","1","1","1"
"tRNA(Thr)-c0","1","1","1","1","1","1","1","1","1","1"
"L-Threonyl-tRNA(Thr)-c0","1","1","1","1","1","1","1","1","1","1"
"tRNA(Trp)-c0","1","1","1","1","1","1","1","1","1","1"
"L-Tryptophanyl-tRNA(Trp)-c0","1","1","1","1","1","1","1","1","1","1"
"tRNA(Val)-c0","1","1","1","1","1","1","1","1","1","1"
"L-Valyl-tRNA(Val)-c0","1","1","1","1","1","1","1","1","1","1"
"Base Q-c0","1","1","1","1","1","1","1","1","1","1"
"tRNA guanine-c0","1","1","1","1","1","1","1","1","1","1"
"tRNA queuine-c0","1","1","1","1","1","1","1","1","1","1"
"Dihydrolipolprotein-c0","1","1","1","1","1","1","1","1","1","1"
"Lipoylprotein-c0","1","1","1","1","1","1","1","1","1","1"
"ddca-c0","1","1","1","1","1","1","1","1","1","1"
"S-(2-Hydroxyacyl)glutathione-c0","1","1","1","1","1","1","1","1","1","1"
"2-Hydroxy carboxylate-c0","1","1","1","1","1","1","1","1","1","1"
"S-(3-Methylbutanoyl)-dihydrolipoamide-E-c0","0","1","1","1","1","1","1","1","1","0"
"2'-Deoxyribonucleoside diphosphate-c0","1","1","1","1","1","1","1","1","1","1"
"Ribonucleoside diphosphate-c0","1","1","1","1","1","1","1","1","1","1"
"Holo-[carboxylase]-c0","1","1","1","1","1","1","1","1","1","1"
"Carboxybiotin-carboxyl-carrier protein-c0","1","1","1","1","1","1","1","1","1","1"
"2-Hexadecenoyl-[acyl-carrier protein]-c0","1","1","1","1","1","1","1","1","1","1"
"O-Phosphorylhomoserine-c0","1","1","1","1","1","1","1","1","1","1"
"10-Formyl-THF-polyglutamate-c0","1","1","1","1","1","1","1","1","1","1"
"tRNA(Asp)-c0","1","1","1","1","1","1","1","1","1","1"
"Deoxynucleoside phosphate-c0","0","0","0","1","1","1","1","1","1","0"
"L-Aspartyl-tRNA(Asp)-c0","1","1","1","1","1","1","1","1","1","1"
"Deoxynucleoside diphosphate-c0","0","0","0","1","1","1","1","1","1","0"
"tRNA-Glu-c0","1","1","1","1","1","1","1","1","1","1"
"L-Glutamyl-tRNA-Glu-c0","1","1","1","1","1","1","1","1","1","1"
"(2E)-Octadecenoyl-[acp]-c0","1","1","1","1","1","1","1","1","1","1"
"Stearoyl-[acyl-carrier protein]-c0","1","1","1","1","1","1","1","1","1","1"
"Lipoate-c0","1","1","1","1","1","1","1","1","1","1"
"Lipoyl-AMP-c0","1","1","1","1","1","1","1","1","1","1"
"Apoprotein-c0","1","1","1","1","1","1","1","1","1","1"
"Protein N6-(lipoyl)lysine-c0","1","1","1","1","1","1","1","1","1","1"
"Protein dithiol-c0","0","0","1","0","1","1","1","1","1","1"
"(R)-3-hydroxy-cis-dodec-5-enoyl-[acyl-carrier protein]-c0","1","1","1","1","1","1","1","1","1","1"
"Protein disulfide-c0","0","0","1","0","1","1","1","1","1","1"
"trans-3-cis-5-dodecenoyl-[acyl-carrier protein]-c0","1","1","1","1","1","1","1","1","1","1"
"(R)-3-hydroxy-cis-myristol-7-eoyl-[acyl-carrier protein]-c0","1","1","1","1","1","1","1","1","1","1"
"trans-3-cis-7-myristoleoyl-[acyl-carrier protein]-c0","1","1","1","1","1","1","1","1","1","1"
"(R)-3-hydroxy-cis-palm-9-eoyl-[acyl-carrier protein]-c0","1","1","1","1","1","1","1","1","1","1"
"trans-3-cis-9-palmitoleoyl-[acyl-carrier protein]-c0","1","1","1","1","1","1","1","1","1","1"
"R-3-Hydroxyoctadecanoyl-acyl-carrierprotein--c0","1","1","1","1","1","1","1","1","1","1"
"trans-octadec-2-enoyl-[acyl-carrier protein]-c0","1","1","1","1","1","1","1","1","1","1"
"(R)-3-hydroxy-cis-vacc-11-enoyl-[acyl-carrier protein]-c0","1","1","1","1","1","1","1","1","1","1"
"trans-3-cis-11-vacceoyl-[acyl-carrier protein]-c0","1","1","1","1","1","1","1","1","1","1"
"Apo-[acetyl-CoA carboxylase]-c0","0","0","0","0","1","0","1","1","1","1"
"(R)-3-Hydroxyacyl-[acyl-carrier protein]-c0","1","1","1","1","1","1","1","1","1","1"
"Holo-[acetyl-CoA carboxylase]-c0","0","0","0","0","1","0","1","1","1","1"
"3-oxo-cis-dodec-5-enoyl-[acyl-carrier protein]-c0","1","1","1","1","1","1","1","1","1","1"
"3-oxo-cis-myristol-7-eoyl-[acyl-carrier protein]-c0","1","1","1","1","1","1","1","1","1","1"
"Apo-[carboxylase]-c0","0","0","0","0","1","0","1","1","1","1"
"3-oxo-cis-palm-9-eoyl-[acyl-carrier protein]-c0","1","1","1","1","1","1","1","1","1","1"
"3-Oxooctadecanoyl-[acyl-carrier protein]-c0","1","1","1","1","1","1","1","1","1","1"
"3-oxo-cis-vacc-11-enoyl-[acyl-carrier protein]-c0","1","1","1","1","1","1","1","1","1","1"
"cis-dec-3-enoyl-[acyl-carrier protein]-c0","1","1","1","1","1","1","1","1","1","1"
"cis-dodec-5-enoyl-[acyl-carrier protein]-c0","1","1","1","1","1","1","1","1","1","1"
"Tetradecenoyl-ACP-c0","1","1","1","1","1","1","1","1","1","1"
"myo-Inositol phosphate-c0","0","0","0","0","1","0","1","1","1","1"
"Palmitoyl-ACP-c0","1","1","1","1","1","1","1","1","1","1"
"Hexadecenoyl-ACP-c0","1","1","1","1","1","1","1","1","1","1"
"1-dodecanoyl-sn-glycerol 3-phosphate-c0","1","1","1","1","1","1","1","1","1","1"
"1,2-didodecanoyl-sn-glycerol 3-phosphate-c0","1","1","1","1","1","1","1","1","1","1"
"1-tetradecanoyl-sn-glycerol 3-phosphate-c0","1","1","1","1","1","1","1","1","1","1"
"1,2-ditetradecanoyl-sn-glycerol 3-phosphate-c0","1","1","1","1","1","1","1","1","1","1"
"1-tetradec-7-enoyl-sn-glycerol 3-phosphate-c0","1","1","1","1","1","1","1","1","1","1"
"1,2-ditetradec-7-enoyl-sn-glycerol 3-phosphate-c0","1","1","1","1","1","1","1","1","1","1"
"1-hexadecanoyl-sn-glycerol 3-phosphate-c0","1","1","1","1","1","1","1","1","1","1"
"1,2-dihexadecanoyl-sn-glycerol 3-phosphate-c0","1","1","1","1","1","1","1","1","1","1"
"1-hexadec-9-enoyl-sn-glycerol 3-phosphate-c0","1","1","1","1","1","1","1","1","1","1"
"1,2-dihexadec-9-enoyl-sn-glycerol 3-phosphate-c0","1","1","1","1","1","1","1","1","1","1"
"Octadecanoyl-ACP-c0","1","1","1","1","1","1","1","1","1","1"
"1-octadecanoyl-sn-glycerol 3-phosphate-c0","1","1","1","1","1","1","1","1","1","1"
"1,2-dioctadecanoyl-sn-glycerol 3-phosphate-c0","1","1","1","1","1","1","1","1","1","1"
"Octadecenoyl-ACP-c0","1","1","1","1","1","1","1","1","1","1"
"1-octadec-11-enoyl-sn-glycerol 3-phosphate-c0","1","1","1","1","1","1","1","1","1","1"
"1,2-dioctadec-11-enoyl-sn-glycerol 3-phosphate-c0","1","1","1","1","1","1","1","1","1","1"
"2-Demethylmenaquinol 8-c0","1","1","1","1","1","1","1","1","1","1"
"Menaquinol 8-c0","1","1","1","1","1","1","1","1","1","1"
"Cd2+-c0","1","1","1","1","1","1","1","1","1","1"
"Cd2+-e0","1","1","1","1","1","1","1","1","1","1"
"Cu2+-c0","1","1","1","1","1","1","1","1","1","1"
"Cu2+-e0","1","1","1","1","1","1","1","1","1","1"
"CDP-1,2-didodecanoylglycerol-c0","1","1","1","1","1","1","1","1","1","1"
"CDP-1,2-ditetradecanoylglycerol-c0","1","1","1","1","1","1","1","1","1","1"
"CDP-1,2-ditetradec-7-enoylglycerol-c0","1","1","1","1","1","1","1","1","1","1"
"CDP-1,2-dihexadecanoylglycerol-c0","1","1","1","1","1","1","1","1","1","1"
"CDP-1,2-dihexadec-9-enoylglycerol-c0","1","1","1","1","1","1","1","1","1","1"
"CDP-1,2-dioctadecanoylglycerol-c0","1","1","1","1","1","1","1","1","1","1"
"CDP-1,2-dioctadec-11-enoylglycerol-c0","1","1","1","1","1","1","1","1","1","1"
"2-Octaprenyl-3-methyl-5-hydroxy-6-methoxy-1,4-benzoquinol-c0","1","1","1","1","1","1","1","1","1","1"
"Ubiquinol-8-c0","1","1","1","1","1","1","1","1","1","1"
"Decanoate-c0","1","1","1","1","1","1","1","1","1","1"
"octanoate-c0","1","1","1","1","1","1","1","1","1","1"
"Decanoate-e0","1","1","1","1","1","1","1","1","1","1"
"Decanoyl-CoA-c0","1","1","1","1","1","1","1","1","1","1"
"ddca-e0","1","1","1","1","1","1","1","1","1","1"
"Lauroyl-CoA-c0","1","1","1","1","1","1","1","1","1","1"
"Myristic acid-e0","1","1","1","1","1","1","1","1","1","1"
"tetradecenoate-e0","1","1","1","1","1","1","1","1","1","1"
"Tetradecenoyl-CoA-c0","1","1","1","1","1","1","1","1","1","1"
"Palmitate-e0","1","1","1","1","1","1","1","1","1","1"
"hexadecenoate-e0","1","1","1","1","1","1","1","1","1","1"
"Hexadecenoyl-CoA-c0","1","1","1","1","1","1","1","1","1","1"
"ocdca-e0","1","1","1","1","1","1","1","1","1","1"
"strcoa-c0","1","1","1","1","1","1","1","1","1","1"
"octadecenoate-e0","1","1","1","1","1","1","1","1","1","1"
"Octadecenoyl-CoA-c0","1","1","1","1","1","1","1","1","1","1"
"Hexanoate-e0","1","1","1","1","1","1","1","1","1","1"
"Hexanoyl-CoA-c0","1","1","1","1","1","1","1","1","1","1"
"octanoate-e0","1","1","1","1","1","1","1","1","1","1"
"Octanoyl-CoA-c0","1","1","1","1","1","1","1","1","1","1"
"Menaquinone 8-c0","1","1","1","1","1","1","1","1","1","1"
"2-Demethylmenaquinone 8-c0","1","1","1","1","1","1","1","1","1","1"
"H2O2-e0","1","1","1","1","1","1","1","1","1","1"
"tRNA(Lys)-c0","1","1","1","1","1","1","1","1","1","1"
"L-Lysine-tRNA (Lys)-c0","1","1","1","1","1","1","1","1","1","1"
"two disacharide linked murein units, pentapeptide crosslinked tetrapeptide (A2pm->D-ala) (middle of chain)-c0","1","1","1","1","1","1","1","1","1","1"
"two disacharide linked murein units, tetrapeptide corsslinked tetrapeptide (A2pm->D-ala) (middle of chain)-c0","1","1","1","1","1","1","1","1","1","1"
"three disacharide linked murein units (pentapeptide crosslinked tetrapeptide (A2pm->D-ala) tetrapeptide corsslinked tetrapeptide (A2pm->D-ala)) (middle of chain)-c0","1","1","1","1","1","1","1","1","1","1"
"three disacharide linked murein units (tetrapeptide crosslinked tetrapeptide (A2pm->D-ala) & tetrapeptide corsslinked tetrapeptide (A2pm->D-ala)) (middle of chain)-c0","1","1","1","1","1","1","1","1","1","1"
"two linked disacharide pentapeptide murein units (uncrosslinked, middle of chain)-c0","1","1","1","1","1","1","1","1","1","1"
"two linked disacharide pentapeptide and tetrapeptide murein units (uncrosslinked, middle of chain)-c0","1","1","1","1","1","1","1","1","1","1"
"two linked disacharide tetrapeptide murein units (uncrosslinked, middle of chain)-c0","1","1","1","1","1","1","1","1","1","1"
"two linked disacharide pentapeptide and tripeptide murein units (uncrosslinked, middle of chain)-c0","1","1","1","1","1","1","1","1","1","1"
"two linked disacharide tetrapeptide and tripeptide murein units (uncrosslinked, middle of chain)-c0","1","1","1","1","1","1","1","1","1","1"
"Ubiquinone-8-c0","1","1","1","1","1","1","1","1","1","1"
"Mg-e0","1","1","1","1","1","1","0","1","1","1"
"Mg-c0","1","1","1","1","1","1","0","1","1","1"
"2-Octaprenyl-6-methoxy-1,4-benzoquinol-c0","1","1","1","1","1","1","1","1","1","1"
"2-Octaprenyl3-methyl-6-methoxy- 1,4-benzoquinol-c0","1","1","1","1","1","1","1","1","1","1"
"Maltotetraose-e0","1","0","0","1","0","0","0","0","0","1"
"glutaredoxin (reduced)-c0","1","1","1","1","1","1","1","1","1","1"
"Maltotetraose-c0","1","0","0","1","0","0","0","0","0","1"
"glutaredoxin (oxidized)-c0","1","1","1","1","1","1","1","1","1","1"
"Phosphatidylglycerophosphate didodecanoyl-c0","1","1","1","1","1","1","1","1","1","0"
"Phosphatidylglycerol didodecanoyl-c0","1","1","1","1","1","1","1","1","1","0"
"Phosphatidylglycerophosphate ditetradecanoyl-c0","1","1","1","1","1","1","1","1","1","0"
"Phosphatidylglycerol ditetradecanoyl-c0","1","1","1","1","1","1","1","1","1","0"
"Phosphatidylglycerophosphate ditetradec-7-enoyl-c0","1","1","1","1","1","1","1","1","1","0"
"Phosphatidylglycerol ditetradec-7-enoyl-c0","1","1","1","1","1","1","1","1","1","0"
"Phosphatidylglycerophosphate dihexadecanoyl-c0","1","1","1","1","1","1","1","1","1","0"
"Phosphatidylglycerol dihexadecanoyl-c0","1","1","1","1","1","1","1","1","1","0"
"Phosphatidylglycerophosphate dihexadec-9-enoyl-c0","1","1","1","1","1","1","1","1","1","0"
"Phosphatidylglycerol dihexadec-9-enoyl-c0","1","1","1","1","1","1","1","1","1","0"
"Phosphatidylglycerophosphate dioctadecanoyl-c0","1","1","1","1","1","1","1","1","1","1"
"Phosphatidylglycerol dioctadecanoyl-c0","1","1","1","1","1","1","1","1","1","0"
"Phosphatidylglycerophosphate dioctadec-11-enoyl-c0","1","1","1","1","1","1","1","1","1","0"
"Phosphatidylglycerol dioctadec-11-enoyl-c0","1","1","1","1","1","1","1","1","1","0"
"phosphatidylserine didodecanoyl-c0","1","1","1","1","1","1","1","1","1","1"
"phosphatidylethanolamine didodecanoyl-c0","1","1","1","1","1","1","1","1","1","1"
"phosphatidylserine ditetradecanoyl-c0","1","1","1","1","1","1","1","1","1","1"
"phosphatidylethanolamine ditetradecanoyl-c0","1","1","1","1","1","1","1","1","1","1"
"phosphatidylserine ditetradec-7-enoyl-c0","1","1","1","1","1","1","1","1","1","1"
"phosphatidylethanolamine ditetradec-7-enoyl-c0","1","1","1","1","1","1","1","1","1","1"
"phosphatidylserine dihexadecanoyl-c0","1","1","1","1","1","1","1","1","1","1"
"phosphatidylethanolamine dihexadecanoyl-c0","1","1","1","1","1","1","1","1","1","1"
"phosphatidylserine dihexadec-9-enoyl-c0","1","1","1","1","1","1","1","1","1","1"
"phosphatidylethanolamine dihexadec-9enoyl-c0","1","1","1","1","1","1","1","1","1","1"
"phosphatidylserine dioctadecanoyl-c0","1","1","1","1","1","1","1","1","1","1"
"phosphatidylethanolamine dioctadecanoyl-c0","1","1","1","1","1","1","1","1","1","1"
"phosphatidylserine dioctadec-11-enoyl-c0","1","1","1","1","1","1","1","1","1","1"
"phosphatidylethanolamine dioctadec-11-enoyl-c0","1","1","1","1","1","1","1","1","1","1"
"Ubiquinone-6-c0","1","1","1","1","1","1","1","1","1","1"
"Ubiquinol-6-c0","1","1","1","1","1","1","1","1","1","1"
"octadecynoate-c0","1","1","1","1","1","1","1","1","1","1"
"Octadecynoyl-CoA-c0","1","1","1","1","1","1","1","1","1","1"
"ocdca-c0","1","1","1","1","1","1","1","1","1","1"
"D-Fructose-c0","1","1","1","1","1","1","1","1","1","0"
"L-Selenocysteine-c0","1","1","1","1","1","1","1","1","1","1"
"(R)-2-Oxo-3-methylpentanoate-c0","1","1","1","1","1","1","1","1","1","1"
"ACTN-c0","1","1","1","1","1","1","1","1","1","1"
"Acetaldehyde-c0","1","1","1","1","1","1","1","1","1","1"
"Fatty acid (Iso-C16-c0","1","1","1","1","1","1","1","1","1","1"
"Iso-C16-c0(1)","1","1","1","1","1","1","1","1","1","1"
"Fatty acid (Anteiso-C17-c0","1","1","1","1","1","1","1","1","1","1"
"Anteiso-C17-c0","1","1","1","1","1","1","1","1","1","1"
"Fatty acid (Iso-C17-c0","1","1","1","1","1","1","1","1","1","1"
"Iso-C17-c0(1)","1","1","1","1","1","1","1","1","1","1"
"Phospatidylglycerol (Ecoli)-c0","1","1","1","1","1","1","1","1","1","0"
"phosphatidylserine (Ecoli)-c0","1","1","1","1","1","1","1","1","1","1"
"Phosphatidylethanolamine (Ecoli)-c0","1","1","1","1","1","1","1","1","1","1"
"1-isoheptadecanoyl-sn-glycerol 3-phosphate-c0","1","1","1","1","1","1","1","1","1","1"
"1,2-diisoheptadecanoyl-sn-glycerol 3-phosphate-c0","1","1","1","1","1","1","1","1","1","1"
"1-anteisoheptadecanoyl-sn-glycerol 3-phosphate-c0","1","1","1","1","1","1","1","1","1","1"
"1,2-dianteisoheptadecanoyl-sn-glycerol 3-phosphate-c0","1","1","1","1","1","1","1","1","1","1"
"1-isotetradecanoyl-sn-glycerol 3-phosphate-c0","1","1","1","1","1","1","1","1","1","1"
"Iso-C16-c0","1","1","1","1","1","1","1","1","1","1"
"1,2-diisotetradecanoyl-sn-glycerol 3-phosphate-c0","1","1","1","1","1","1","1","1","1","1"
"1-isopentadecanoyl-sn-glycerol 3-phosphate-c0","1","1","1","1","1","1","1","1","1","1"
"1,2-diisopentadecanoyl-sn-glycerol 3-phosphate-c0","1","1","1","1","1","1","1","1","1","1"
"4-phosphopantothenate-c0","1","1","1","1","1","1","1","1","1","1"
"1-anteisopentadecanoyl-sn-glycerol 3-phosphate-c0","1","1","1","1","1","1","1","1","1","1"
"Iso-C17-c0","1","1","1","1","1","1","1","1","1","1"
"1,2-dianteisopentadecanoyl-sn-glycerol 3-phosphate-c0","1","1","1","1","1","1","1","1","1","1"
"1-isohexadecanoyl-sn-glycerol 3-phosphate-c0","1","1","1","1","1","1","1","1","1","1"
"1,2-diisohexadecanoyl-sn-glycerol 3-phosphate-c0","1","1","1","1","1","1","1","1","1","1"
"CDP-1,2-diisoheptadecanoylglycerol-c0","1","1","1","1","1","1","1","1","1","1"
"CDP-1,2-dianteisoheptadecanoylglycerol-c0","1","1","1","1","1","1","1","1","1","1"
"CDP-1,2-diisotetradecanoylglycerol-c0","1","1","1","1","1","1","1","1","1","1"
"CDP-1,2-diisopentadecanoylglycerol-c0","1","1","1","1","1","1","1","1","1","1"
"CDP-1,2-dianteisopentadecanoylglycerol-c0","1","1","1","1","1","1","1","1","1","1"
"CDP-1,2-diisohexadecanoylglycerol-c0","1","1","1","1","1","1","1","1","1","1"
"Diisoheptadecanoylphosphatidylserine-c0","1","1","1","1","1","1","1","1","1","1"
"Dianteisoheptadecanoylphosphatidylserine-c0","1","1","1","1","1","1","1","1","1","1"
"Diisotetradecanoylphosphatidylserine-c0","1","1","1","1","1","1","1","1","1","1"
"Diisopentadecanoylphosphatidylserine-c0","1","1","1","1","1","1","1","1","1","1"
"Dianteisopentadecanoylphosphatidylserine-c0","1","1","1","1","1","1","1","1","1","1"
"Diisohexadecanoylphosphatidylserine-c0","1","1","1","1","1","1","1","1","1","1"
"Diisoheptadecanoylphosphatidylethanolamine-c0","1","1","1","1","1","1","1","1","1","1"
"Dianteisoheptadecanoylphosphatidylethanolamine-c0","1","1","1","1","1","1","1","1","1","1"
"Diisotetradecanoylphosphatidylethanolamine-c0","1","1","1","1","1","1","1","1","1","1"
"Diisopentadecanoylphosphatidylethanolamine-c0","1","1","1","1","1","1","1","1","1","1"
"Dianteisopentadecanoylphosphatidylethanolamine-c0","1","1","1","1","1","1","1","1","1","1"
"Diisohexadecanoylphosphatidylethanolamine-c0","1","1","1","1","1","1","1","1","1","1"
"Diisoheptadecanoylphosphatidylglycerophosphate-c0","1","1","1","1","1","1","1","1","1","1"
"Dianteisoheptadecanoylphosphatidylglycerophosphate-c0","1","1","1","1","1","1","1","1","1","1"
"Diisotetradecanoylphosphatidylglycerophosphate-c0","1","1","1","1","1","1","1","1","1","0"
"Diisopentadecanoylphosphatidylglycerophosphate-c0","1","1","1","1","1","1","1","1","1","0"
"Dianteisopentadecanoylphosphatidylglycerophosphate-c0","1","1","1","1","1","1","1","1","1","0"
"Diisohexadecanoylphosphatidylglycerophosphate-c0","1","1","1","1","1","1","1","1","1","0"
"Diisoheptadecanoylphosphatidylglycerol-c0","1","1","1","1","1","1","1","1","1","0"
"Dianteisoheptadecanoylphosphatidylglycerol-c0","1","1","1","1","1","1","1","1","1","0"
"Diisotetradecanoylphosphatidylglycerol-c0","1","1","1","1","1","1","1","1","1","0"
"Diisopentadecanoylphosphatidylglycerol-c0","1","1","1","1","1","1","1","1","1","0"
"Dianteisopentadecanoylphosphatidylglycerol-c0","1","1","1","1","1","1","1","1","1","0"
"Diisohexadecanoylphosphatidylglycerol-c0","1","1","1","1","1","1","1","1","1","0"
"Pb-c0","0","0","0","1","1","0","0","1","1","1"
"Iso-C14-c0(1)","1","1","1","1","1","1","1","1","1","1"
"Pb-e0","0","0","0","1","1","0","0","1","1","1"
"Anteiso-C15-c0","1","1","1","1","1","1","1","1","1","1"
"Iso-C15-c0(1)","1","1","1","1","1","1","1","1","1","1"
"Iso-C16-c0(2)","1","1","1","1","1","1","1","1","1","1"
"2,3-O-phytanyl-sn-glycero-1-phosphoserine-c0","1","1","1","1","1","1","1","1","1","1"
"2,3-O-phytanyl-sn-glycero-1-phosphoethanolamine-c0","1","1","1","1","1","1","1","1","1","1"
"2-O-(3'-hydroxy)geranyl-3-O-geranyl-sn-glycerol-c0","1","1","1","1","1","1","1","1","1","1"
"CDP-2-O-(3'-hydroxy)geranyl-3-O-geranyl-sn-glycerol-c0","1","1","1","1","1","1","1","1","1","1"
"2,5-diamino-6-ribitylamino-4(3H)-pyrimidinone 5'-phosphate-c0","1","1","1","1","1","1","1","1","1","1"
"2-O-(3'-hydroxy)phytanyl-3-O-phytanyl-sn-glycero-l-phosphoserine-c0","1","1","1","1","1","1","1","1","1","1"
"2-O-(3'-hydroxy)phytanyl-3-O-phytanyl-sn-glycero-l-phosphoethanolamine-c0","1","1","1","1","1","1","1","1","1","1"
"all trans Decaprenyl diphosphate-c0","1","1","1","1","1","1","1","1","1","1"
"TRHL-e0","1","1","1","1","0","1","1","0","0","1"
"D-Arabinose-e0","1","0","1","0","1","0","1","0","0","1"
"TRHL-c0","1","1","1","1","0","1","1","0","0","1"
"D-Arabinose-c0","1","0","1","0","1","0","1","0","0","1"
"Menaquinone6-c0","1","1","1","1","1","1","1","1","1","1"
"Maltoheptaose-e0","1","0","0","1","0","0","0","0","0","1"
"Menaquinol6-c0","1","1","1","1","1","1","1","1","1","1"
"Maltoheptaose-c0","1","0","0","1","0","0","0","0","0","1"
"Floxuridine-c0","1","1","1","1","1","1","1","1","1","1"
"5-Fluorodeoxyuridine monophosphate-c0","1","1","1","1","1","1","1","1","1","1"
"6-Thioinosine 5'-monophosphate-c0","1","1","1","1","1","1","1","1","1","1"
"6-Thioxanthine 5'-monophosphate-c0","1","1","1","1","1","1","1","1","1","1"
"6-Thioinosine-5'-triphosphate-c0","1","1","1","1","1","1","1","1","1","0"
"Maltodextrin-e0","1","0","0","0","0","0","0","0","0","1"
"6-Thioguanosine monophosphate-c0","1","1","1","1","1","1","1","1","1","1"
"Maltodextrin-c0","1","0","0","0","0","0","0","0","0","1"
"2-Octaprenyl-3-methyl-5-hydroxy-6-methoxy-1,4-benzoquinone-c0","1","1","1","1","1","1","1","1","1","1"
"5-FU-c0","0","0","1","1","1","0","1","1","1","1"
"R-S-Cysteinylglycine-c0","1","1","1","1","1","1","1","1","1","1"
"5-Fluorouridine-c0","0","0","1","1","1","0","1","1","1","1"
"R-S-Alanine-c0","1","1","1","1","1","1","1","1","1","1"
"Oleate-c0","1","1","1","1","1","1","1","1","1","1"
"cis-octadec-9-enoyl-coa-c0","1","1","1","1","1","1","1","1","1","1"
"Fumarate-p0","1","1","1","1","1","1","1","1","1","1"
"Benzoate-e0","1","1","1","1","1","1","1","1","1","1"
"Benzoate-c0","1","1","1","1","1","1","1","1","1","1"
"L-Malate-p0","1","1","1","1","1","1","1","1","1","1"
"Fe2+-p0","1","1","1","1","1","1","1","1","1","1"
"Itaconate-e0","1","1","1","1","1","1","1","1","1","1"
"C04051-c0","1","1","1","1","1","1","1","1","1","1"
"2-Hexaprenyl-3-methyl-5-hydroxy-6-methoxy-1,4-benzoquinone-c0","1","1","1","1","1","1","1","1","1","1"
"NAD-e0","0","1","0","1","0","0","1","0","0","0"
"Iso-C6-c0","1","1","1","1","1","1","1","1","1","1"
"Iso-C14-c0","1","1","1","1","1","1","1","1","1","1"
"Iso-C7-c0","1","1","1","1","1","1","1","1","1","1"
"iso-C15-c0","1","1","1","1","1","1","1","1","1","1"
"Fatty Acid (n-C5-c0","1","1","1","1","1","1","1","1","1","1"
"pentadecanoyl-ACP (n-C15-c0","1","1","1","1","1","1","1","1","1","1"
"heptadecanoyl-ACP (n-C17-c0","1","1","1","1","1","1","1","1","1","1"
"mql7-e0","1","1","1","1","1","1","1","1","1","1"
"Menaquinone 7-e0","1","1","1","1","1","1","1","1","1","1"
"methymenaquinol 7-e0","1","1","1","1","1","1","1","1","1","1"
"methylmenaquinone 7-e0","1","1","1","1","1","1","1","1","1","1"
"GABA-e0","1","1","1","1","1","0","1","1","1","1"
"3-Polyprenylcatechol-c0","1","1","1","1","1","1","1","1","1","1"
"2-Polyprenyl-6-methoxyphenol-c0","1","1","1","1","1","1","1","1","1","1"
"3-Polyprenyl-4,5-dihydroxybenzoate-c0","1","1","1","1","1","1","1","1","1","1"
"3-Polyprenyl-4-hydroxy-5-methoxybenzoate-c0","1","1","1","1","1","1","1","1","1","1"
"2-Aminobut-2-enoate-c0","1","1","1","1","1","1","1","1","1","1"
"2-Oxo acid-c0","1","1","1","1","1","1","1","1","1","1"
"4-methylthio 2-oxobutyrate-c0","1","1","1","1","1","1","1","1","1","1"
"D-Mannose-c0","1","0","0","0","0","0","1","0","0","1"
"L-Amino acid-c0","1","1","1","1","1","1","1","1","1","1"
"D-Mannitol-e0","1","0","1","0","0","0","0","0","0","1"
"(S)-2-Acetolactate-c0","1","1","1","1","1","1","1","1","1","1"
"Isopentenyl phosphate-c0","0","0","1","0","1","1","1","1","1","0"
"D-Mannitol-c0","1","0","1","0","0","0","0","0","0","1"
"beta-D-Fructose 6-phosphate-c0","1","1","1","1","1","1","1","1","1","1"
"DMAP-c0","0","0","1","0","1","1","1","1","1","0"
"beta-D-Fructose 1,6-bisphosphate-c0","1","1","1","1","1","1","1","1","1","1"
"alpha-D-Glucose 6-phosphate-c0","1","1","1","1","1","1","1","1","1","1"
"alpha-D-Ribose 5-phosphate-c0","1","1","1","1","1","1","1","1","1","1"
"beta-D-Ribofuranose-c0","1","1","1","1","1","1","1","1","1","1"
"L-Cystathionine-c0","1","1","1","1","1","1","1","1","1","1"
"D-Cysteine-c0","1","1","1","1","1","1","1","1","1","1"
"(R)-2,3-Dihydroxy-3-methylbutanoate-c0","1","1","1","1","1","1","1","1","1","1"
"L-erythro-4-Hydroxyglutamate-c0","1","1","1","1","1","1","1","1","1","1"
"beta-D-Glucose-c0","0","0","0","0","0","0","0","0","0","1"
"D-4-Hydroxy-2-oxoglutarate-c0","1","1","1","1","1","1","1","1","1","1"
"alpha-D-Glucose-c0","0","0","0","0","0","0","0","0","0","1"
"Enzyme N6-(dihydrolipoyl)lysine-c0","1","1","1","1","1","1","1","1","1","1"
"Enzyme N6-(lipoyl)lysine-c0","1","1","1","1","1","1","1","1","1","1"
"D-threo-Isocitric acid-c0","0","0","0","0","0","1","0","0","0","1"
"(R)-Lipoic acid-c0","1","1","1","1","1","1","1","1","1","1"
"D-erythro-Isocitric acid-c0","0","0","0","0","0","0","0","0","0","1"
"2-Polyprenyl-6-methoxy-1,4-benzoquinone-c0","1","1","1","1","1","1","1","1","1","1"
"2-Polyprenyl-3-methyl-6-methoxy-1,4-benzoquinone-c0","1","1","1","1","1","1","1","1","1","1"
"2-Polyprenyl-3-methyl-5-hydroxy-6-methoxy-1,4-benzoquinone-c0","1","1","1","1","1","1","1","1","1","1"
"H4MPT-c0","1","1","1","1","1","1","1","1","1","1"
"PAN-c0","1","1","1","1","1","1","1","1","1","1"
"5,10-Methylenetetrahydromethanopterin-c0","1","1","1","1","1","1","1","1","1","1"
"Methylselenic acid-c0","1","1","1","1","1","1","1","1","1","1"
"Stachyose-e0","1","1","0","1","1","0","1","1","1","1"
"Stachyose-c0","1","1","0","1","1","0","1","1","1","1"
"phosphatidylglycerophosphate (1-18-c0","1","1","1","1","1","1","1","1","1","0"
"1-18-c0","1","1","1","1","1","1","1","1","1","0"
"ethylphosphate-c0","1","1","1","1","1","1","1","1","1","1"
"Ethanol-c0","1","1","1","1","1","1","1","1","1","1"
"DMKH2-6-c0","1","1","1","1","1","1","1","1","1","1"
"ThiI-L-cysteine-c0","1","1","1","1","1","1","1","1","1","1"
"ThiI-S-sulfanylcysteine-c0","1","1","1","1","1","1","1","1","1","1"
"Adenylated-ThiS-Proteins-c0","1","1","1","1","1","1","1","1","1","1"
"Thiocarboxyadenylated-ThiS-Proteins-c0","1","1","1","1","1","1","1","1","1","1"
"Oxalate-e0","1","1","1","1","1","1","1","1","1","1"
"Undecaprenyl-diphospho-N-acetylmuramoyl-(N-acetylglucosamine)-L-alanyl-D-glutamyl-L-lysyl-D-alanyl-D-alanine-c0","0","1","0","1","1","0","1","1","1","1"
"Undecaprenyl-diphospho-N-acetylmuramoyl-(N-acetylglucosamine)-L-alanyl-D-glutaminyl-L-lysyl-D-alanyl-D-alanine-c0","0","1","0","1","1","0","1","1","1","1"
"Undecaprenyl-diphospho-N-acetylmuramoyl-(N-acetylglucosamine)-L-alanyl-D-glutaminyl-meso-2,6-diaminopimeloyl-D-alanyl-D-alanine-c0","0","1","0","1","1","0","1","1","1","1"
"ditrans,hexacis-Nonaprenyl diphosphate-c0","1","1","1","1","1","1","1","1","1","1"
"L-myo-Inositol 5-phosphate-c0","0","0","0","0","1","0","1","1","1","1"
"ditrans,pentacis-Octaprenyl diphosphate-c0","1","1","1","1","1","1","1","1","1","1"
"2-Dehydro-3-deoxy-D-galactonate 6-phosphate-c0","0","0","0","1","0","0","0","0","0","0"
"1D-myo-inositol (6)-monophosphate-c0","0","0","0","0","1","0","1","1","1","1"
"ditrans,tetracis-Heptaprenyl diphosphate-c0","1","1","1","1","1","1","1","1","1","1"
"ditrans,tricis-Hexaprenyl diphosphate-c0","1","1","1","1","1","1","1","1","1","1"
"ditrans,dicis-Pentaprenyl diphosphate-c0","1","1","1","1","1","1","1","1","1","1"
"L-ribulose-5-phosphate-c0","1","1","1","1","1","1","1","1","1","1"
"L-Xylulose 5-phosphate-c0","1","1","1","1","1","1","1","1","1","1"
"phosphatidylglycerophosphate (dioctadecanoyl, n-C18-c0","1","1","1","1","1","1","1","1","1","0"
"phosphatidylglycerol (dioctadecanoyl, n-C18-c0","1","1","1","1","1","1","1","1","1","0"
"1,2-dipalmitoyl-phosphatidylglycerol-phosphate-c0","1","1","1","1","1","1","1","1","1","0"
"1,2-dihexadecanoyl-sn-glycero-3-phospho-(1'-sn-glycerol)-c0","1","1","1","1","1","1","1","1","1","0"
"Phosphatidylglycerophosphate (dihexadec-9-enoyl, n-C16-c0","1","1","1","1","1","1","1","1","1","0"
"phosphatidylglycerol (dihexadec-9-enoyl, n-C16-c0","1","1","1","1","1","1","1","1","1","0"
"N-Acetyl-D-chondrosamine-e0","1","1","1","1","1","1","1","1","1","1"
"H2O-e0","1","1","1","1","1","1","1","1","1","1"
"NH3-e0","1","1","1","1","1","1","1","1","1","1"
"CO2-e0","1","1","1","1","1","1","1","1","1","1"
"O2-e0","1","1","1","1","1","1","1","1","1","1"
"5-Methylthio-D-ribose-e0","1","1","1","1","1","1","1","1","1","1"
"5-Methylthio-D-ribose-c0","1","1","1","1","1","1","1","1","1","1"
"Propionate-e0","1","1","1","1","1","1","1","1","1","1"
"Propionate-c0","1","1","1","1","1","1","1","1","1","1"
"Urea-e0","1","1","1","1","1","1","1","1","1","1"
"(R)-1,2-Propanediol-c0","1","1","1","1","1","1","1","1","1","1"
"(R)-1,2-Propanediol-e0","1","1","1","1","1","1","1","1","1","1"
"1,2-Propanediol-c0","1","1","1","1","1","1","1","1","1","1"
"1,2-Propanediol-e0","1","1","1","1","1","1","1","1","1","1"
"Acetaldehyde-e0","1","1","1","1","1","1","1","1","1","1"
"HCN-e0","1","1","1","1","1","1","1","1","1","1"
"DMSO-c0","1","1","1","1","1","1","1","1","1","1"
"DMSO-e0","1","1","1","1","1","1","1","1","1","1"
"Methyl sulfide-c0","1","1","1","1","1","1","1","1","1","1"
"Methyl sulfide-e0","1","1","1","1","1","1","1","1","1","1"
"Ethanol-e0","1","1","1","1","1","1","1","1","1","1"
"Formaldehyde-c0","1","1","1","1","1","1","1","1","1","1"
"Formaldehyde-e0","1","1","1","1","1","1","1","1","1","1"
"D-Glyceraldehyde-e0","1","1","1","1","1","1","1","1","1","1"
"H2S-e0","1","1","1","1","1","1","1","1","1","1"
"H2-c0","1","1","1","1","1","1","1","1","1","1"
"H2-e0","1","1","1","1","1","1","1","1","1","1"
"indol-e0","1","1","1","1","1","1","1","1","1","1"
"Nitrous oxide-c0","1","1","1","1","1","1","1","1","1","1"
"Nitrous oxide-e0","1","1","1","1","1","1","1","1","1","1"
"NO-c0","1","1","1","1","1","1","1","1","1","1"
"NO-e0","1","1","1","1","1","1","1","1","1","1"
"Propanal-c0","1","1","1","1","1","1","1","1","1","1"
"Propanal-e0","1","1","1","1","1","1","1","1","1","1"
"(CH3)3NO-c0","1","1","1","1","1","1","1","1","1","1"
"(CH3)3NO-e0","1","1","1","1","1","1","1","1","1","1"
"MTTL-e0","1","1","1","1","1","1","1","1","1","1"
"Methane-e0","1","1","1","1","1","1","1","1","1","1"
"Methane-c0","1","1","1","1","1","1","1","1","1","1"
"CO-c0","1","1","1","1","1","1","1","1","1","1"
"CO-e0","1","1","1","1","1","1","1","1","1","1"
"Methanol-e0","1","1","1","1","1","1","1","1","1","1"
"Methanol-c0","1","1","1","1","1","1","1","1","1","1"
"N2-e0","1","1","1","1","1","1","1","1","1","1"
"N2-c0","1","1","1","1","1","1","1","1","1","1"
"hn-e0","1","1","1","1","1","1","1","1","1","1"
"hn-c0","1","1","1","1","1","1","1","1","1","1"
"n-Butanol-c0","1","1","1","1","1","1","1","1","1","1"
"n-Butanol-e0","1","1","1","1","1","1","1","1","1","1"
"Acetone-c0","1","1","1","1","1","1","1","1","1","1"
"Acetone-e0","1","1","1","1","1","1","1","1","1","1"
"1,3-Propanediol-c0","1","1","1","1","1","1","1","1","1","1"
"1,3-Propanediol-e0","1","1","1","1","1","1","1","1","1","1"
"Ca2+(1)","1","1","1","1","1","1","1","1","1","1"
"Cl-(1)","1","1","1","1","1","1","1","1","1","1"
"apo-ACP","1","1","1","0","0","1","0","0","0","1"
"Heme","1","1","1","1","0","1","0","0","0","1"
"Calomide","1","1","1","1","1","1","1","1","1","1"
"Dimethylbenzimidazole","1","1","1","1","1","1","1","1","1","1"
"Cobinamide","1","1","1","1","1","1","1","1","1","1"
"Stearoylcardiolipin (B. subtilis)","1","1","1","1","1","1","1","1","1","1"
"Isoheptadecanoylcardiolipin (B. subtilis)","1","1","1","1","1","1","1","1","1","1"
"Anteisoheptadecanoylcardiolipin (B. subtilis)","1","1","1","1","1","1","1","1","1","1"
"core oligosaccharide lipid A","1","1","1","1","1","1","1","1","1","1"
"Peptidoglycan polymer (n subunits)","1","1","1","1","1","1","1","1","1","1"
"Peptidoglycan polymer (n-1 subunits)","1","1","1","1","1","1","1","1","1","1"
"Biomass","1","1","1","1","1","1","1","1","1","1"
"p-Cresol-c0","1","1","1","1","1","1","1","1","1","1"
"Ca2+","1","1","1","1","1","1","1","1","1","1"
"Cl-","1","1","1","1","1","1","1","1","1","1"
"Phosphatidylglycerol dioctadecanoyl","0","0","0","0","0","0","0","0","0","1"
"5-Aminolevulinate-c0","1","1","1","1","1","1","1","1","1","1"
"Adenosine-c0","1","1","1","1","1","1","1","1","1","1"
"Diisoheptadecanoylphosphatidylglycerol","0","0","0","0","0","0","0","0","0","1"
"Acetoacetyl-CoA-c0","1","1","0","0","0","0","0","0","0","1"
"alpha-D-Glutamyl phosphate-c0","1","1","1","1","1","1","1","1","0","0"
"Dianteisoheptadecanoylphosphatidylglycerol","0","0","0","0","0","0","0","0","0","1"
"2,5-Dioxopentanoate-c0","1","1","0","1","1","1","1","1","1","0"
"Protoporphyrin-c0","1","1","1","1","1","1","1","1","1","1"
"2-Amino-4-oxopentanoate-c0","1","1","1","1","1","1","1","1","1","1"
"beta-Alanine-c0","1","1","1","1","1","1","1","1","1","1"
"gamma-Glutamylcysteine-c0","1","1","1","1","1","1","1","1","1","1"
"Hydroxypyruvate-c0","1","1","1","1","1","1","1","1","1","1"
"D-Ornithine-c0","1","1","1","1","1","1","1","1","1","1"
"Orotidylic acid-c0","1","1","1","1","1","1","1","1","1","1"
"5-Phosphoribosylamine-c0","1","1","1","1","1","1","1","1","1","1"
"L-Argininosuccinate-c0","1","1","1","1","1","1","1","1","1","1"
"5-diphosphomevalonate-c0","1","1","0","0","0","0","0","0","0","1"
"1-Pyrroline-5-carboxylate-c0","1","1","1","1","1","1","1","1","0","1"
"Glycerate-c0","1","1","1","1","1","1","1","1","1","1"
"CDPglycerol-c0","1","0","0","1","1","1","0","1","1","1"
"L-Glutamyl 5-phosphate-c0","0","0","0","0","0","0","0","0","0","1"
"N-Carbamoyl-L-aspartate-c0","1","1","1","1","1","1","1","1","1","1"
"Niacin-c0","1","1","1","1","1","1","1","1","1","1"
"FADH2-c0","1","1","1","1","1","1","0","1","1","1"
"S-Dihydroorotate-c0","1","1","1","1","1","1","1","1","1","1"
"Orotate-c0","1","1","1","1","1","1","1","1","1","1"
"HMG-CoA-c0","1","1","0","0","0","0","0","0","0","1"
"Mevalonic acid-c0","1","1","0","0","0","0","0","0","0","1"
"dTDPglucose-c0","1","1","1","1","1","1","1","1","1","1"
"2,4-Diaminopentanoate-c0","1","1","1","1","1","1","1","1","1","1"
"dTDP-4-oxo-6-deoxy-D-glucose-c0","1","1","1","1","1","1","1","1","1","1"
"CoproporphyrinogenIII-c0","1","1","1","1","1","1","1","1","1","1"
"ProtoporphyrinogenIX-c0","1","1","1","1","1","1","1","1","1","1"
"5-phosphomevalonate-c0","1","1","0","0","0","0","0","0","0","1"
"Putrescine","0","0","0","0","0","0","0","0","1","0"
"Glycolate-c0","0","0","1","0","0","0","0","0","0","1"
"L-Glutamate5-semialdehyde-c0","1","1","1","1","1","1","1","1","0","1"
"Quinolinate-c0","1","1","1","1","1","1","1","1","1","1"
"Glycerol-c0","1","1","1","1","1","1","1","1","1","1"
"GAR-c0","1","1","1","1","1","1","1","1","1","1"
"alpha-Ribazole 5'-phosphate-c0","1","1","1","1","1","1","1","1","1","1"
"5'-Phosphoribosylformylglycinamidine-c0","1","1","1","1","1","1","1","1","1","1"
"AIR-c0","1","1","1","1","1","1","1","1","1","1"
"N-Formyl-GAR-c0","1","1","1","1","1","1","1","1","1","1"
"4-Amino-5-phosphomethyl-2-methylpyrimidine-c0","1","1","1","1","1","1","1","1","1","1"
"Mg(1)","0","0","0","0","0","0","1","0","0","0"
"4-Amino-2-methyl-5-diphosphomethylpyrimidine-c0","1","1","1","1","1","1","1","1","1","1"
"5'-Phosphoribosyl-4-carboxy-5-aminoimidazole-c0","1","1","1","1","1","1","1","1","1","1"
"alpha-Ribazole-c0","1","1","1","1","1","1","1","1","1","1"
"Adenosyl cobinamide-c0","1","1","1","1","1","1","1","1","1","1"
"Adenosyl cobinamide phosphate-c0","1","1","1","1","1","1","1","1","1","1"
"Adenosylcobinamide-GDP-c0","1","1","1","1","1","1","1","1","1","1"
"FMNH2-c0","1","0","1","0","0","1","0","0","0","0"
"Glycerol-e0","0","1","0","0","1","1","0","1","0","1"
"kdo2-lipid a-c0","1","1","1","1","1","1","1","1","1","1"
"Lauroyl-KDO2-lipid IV(A)-c0","1","1","1","1","1","1","1","1","1","1"
"glucosyl-inner core oligosaccharide lipid A-c0","1","1","1","1","1","1","1","1","1","1"
"galactosyl-glucosyl-inner core oligosaccharide lipid A-c0","1","1","1","1","1","1","1","1","1","1"
"Mg","0","0","0","0","0","0","1","0","0","0"
"inner core oligosaccharide lipid A-c0","1","1","1","1","1","1","1","1","1","1"
"glucosyl-galactosyl-glucosyl-inner core oligosaccharide lipid A-c0","1","1","1","1","1","1","1","1","1","1"
"glucosyl-glucosyl-galactosyl-glucosyl-inner core oligosaccharide lipid A-c0","1","1","1","1","1","1","1","1","1","1"
"heptosyl-heptosyl-kdo2-lipidA-c0","1","1","1","1","1","1","1","1","1","1"
"phospho-heptosyl-heptosyl-kdo2-lipidA-c0","1","1","1","1","1","1","1","1","1","1"
"heptosyl-phospho-heptosyl-heptosyl-kdo2-lipidA-c0","1","1","1","1","1","1","1","1","1","1"
"1-Pyrroline-2-carboxylate-c0","0","0","0","0","0","0","0","0","1","0"
"phospho-heptosyl-phospho-heptosyl-heptosyl-kdo2-lipidA-c0","1","1","1","1","1","1","1","1","1","1"
"heptosyl-kdo2-lipidA-c0","1","1","1","1","1","1","1","1","1","1"
"kdo-phospho-heptosyl-phospho-heptosyl-heptosyl-kdo2-lipidA-c0","1","1","1","1","1","1","1","1","1","1"
"dTDP-rhamnose-c0","1","1","1","1","1","1","1","1","1","1"
"Carboxyspermidine-c0","1","1","1","1","1","1","1","1","1","1"
"2-[(2R,5Z)-2-Carboxy-4-methylthiazol-5(2H)-ylidene]ethyl phosphate-c0","1","1","1","1","1","1","1","1","1","1"
"2-(2-Carboxy-4-methylthiazol-5-yl)ethyl phosphate-c0","1","1","1","1","1","1","1","1","1","1"
"Iminoglycine-c0","1","1","1","1","1","1","1","1","1","1"
"Thi-S-c0","1","1","1","1","1","1","1","1","1","1"
"2-Oxo-5-aminovalerate-c0","0","0","0","0","0","0","0","0","1","0"
"L-Cysteine-e0","1","1","1","1","1","1","1","1","1","1"
"Glycine-e0","1","1","0","1","1","1","1","0","1","1"
"Ornithine-e0","1","1","1","1","1","1","1","1","1","1"
"L-Serine-e0","1","1","1","1","1","1","1","1","1","1"
"L-Threonine-e0","1","1","1","1","1","1","1","1","1","1"
"Riboflavin-e0","1","1","1","1","1","1","1","1","1","0"
"L-Arabinono-1,5-lactone-c0","0","0","0","0","1","1","0","0","0","0"
"L-Valine-e0","0","1","0","1","0","0","0","0","0","0"
"Thiamin-e0","0","1","1","0","1","0","1","1","1","1"
"L-Asparagine-e0","0","0","1","0","0","0","0","0","0","0"
"L-Lysine-e0","0","0","1","0","0","0","0","0","0","0"
"Homoisocitrate-c0","0","1","0","0","0","0","0","0","0","0"
"cis-Homoaconitate-c0","0","1","0","0","0","0","0","0","0","0"
"PAN-e0","0","0","1","0","0","0","0","0","0","1"
"Sulfoacetaldehyde-c0","0","0","1","0","0","0","0","0","0","0"
"Acetylphosphate-c0","0","0","1","0","0","0","0","0","0","0"
"Pyruvate-e0","0","0","0","1","0","0","1","0","0","0"
"(2Z,6E)-Farnesyl diphosphate-c0","0","0","1","0","0","0","0","0","0","0"
"L-Ascorbate-c0","1","0","0","0","0","0","0","0","0","0"
"Dehydroascorbate-c0","1","0","0","0","0","0","0","0","0","0"
"D-Xylonate-c0","0","0","0","0","0","0","0","0","0","1"
"5-Formyltetrahydrofolate-c0","1","0","0","0","0","0","0","0","0","0"
"2-Dehydro-3-deoxy-D-xylonate-c0","0","0","0","0","1","0","0","0","0","1"
"Nitrite-c0","1","0","0","0","0","0","0","0","1","0"
"Deoxyguanosine-c0","0","0","0","0","0","0","0","0","1","0"
"Deoxycytidine-c0","0","0","0","0","0","0","1","1","0","0"
"Nicotinate D-ribonucleoside-c0","0","0","0","0","1","0","1","1","0","0"
"Folate-e0","0","0","0","0","1","0","0","0","0","0"
"N-Ribosylnicotinamide-c0","0","0","0","0","1","0","0","0","0","0"
