Supplementary Table 8. Narna-like viruses included in Tocora et al. ,,,,,,,,
Source,Family,Genus,Virus name,Acrony,Domain,Sequence,GenBank access number,Link-BLAST
This study,Narnaviridae,unclassified Narnaviridae,Putative A. octoarticulatus narna-like virus (AOV-1),AOV-1,RdRp,GTCAAGATAGGCTCGCGTAGACCTGCAACCTCTCTCAATGCGGTGTATGCCACCTGCCTTGGGTGAGGTTTCTGAGACATAATGGCATTGCGCCAGCTGATTGGATTCCAATCAGCTGGCACTTNNNNNNNNNNTGTCTGGGTAGGTACACGGGTATCTTTTGATACCTGAGACCTAAGCAGACATCCTGACAAGCTGAAGCAACGGAAAACAGATGGGTAACCCCAAACTGTTTTCCCTTGCGACAATAATCCATGTCCTTTCCCAATAGGGTATATTTACCCTTTGGGTCAGAACTGAAATCTTTTCGATCTTTCCGAGTATCGACTATTAGTCGAAACTTGGGAAAATCGAGATAAGGACTTAATCGATCTTCGTTTAACCTGGCGGCATTTGCCGTCGTGTTGAACCGATCGATAGGAATTCTTGCAACTTCTTCACAATACGTGAACCAATCACGTGTTATGAAGAAGTCATCTTCTGATAGGTCATAACCTAGCTGTTGAGCAGCAGCTAGGAAATGACCCATCCACTCTTTTGCGCGGGGGCCGGATTTGATTTCGACACCGTCGTCACCATTTCCGGCCCCCACTCCTTCGGATTTCACAGGAACCATCCTGTCTGCGTATAACGCGCAGATAGGATGGGCCAGTGATATATTGGTCTTGGTCAATGGGTCCCCCATGGGGATACCATTGACCATCTGACCCACGAACTTATTTTTGACATATAGGTCCTTCTTACCGGGCCATATGGCAAAAATTTCATCGATAATTTCTGGCGGTGTACGCATTGCTCTAAGCAATGCGCCCATCGTCAGATGTGCACTTTTGTGAGGGGGTCTATCTGTTGCCTTTGTCCAATCAAAGGACATCACATAGACCTCATCCTCGAATAAAATCGCGCCACGTTTGGGGTCCAGATGCGTAATCTGGTCCACAAACGTGTAACCCAATCGGCCAGCCCTGAGCGAATCCCTCAAGAGGGGTTCGCACTTGACTGCCTCGATAGTCATATGAGAGAAGGGTTGTAGAAATGCATCTTTCCAGAAAGATCCACTTGTTACAACTGCACTTGCCGTTTTCACGGATCCCCGCAACATTTGTACGCCAAATGTCGGGGGAGCCGTTTTTTATCTTTTCGCGGGCGATCGCGAAGGACTGATTACCAATCTGTCCTCCGCGATTGTCCGCACCAAATTTAGGTAGGGCCTTAAACTTGCGTTCCTCAAACTGCCGTTTGAGGAACCCAAATTTGCCCTCGTCCTTTTTGGACGATTCAGTACATGCAGAGGTACTCATGCTCATTCTGAAATGAGATGAGGACCCCTGCGCATTTGTCGCGATCCTCTGAGCCACCTCTTGTACACACTGAACAAGAAGTGGCTCAGGGGAAAACTCTTTTAGAACGGTGACTTCACTAATGAATTCTTCAATAGTGGACTCAACCATTCGCTTATCCGCAAGCCCGGTGGCCCGAGTCTGTGCAAACGCACAGACTCGGAACATCTTGCTTTTCGAATTTGAGGAAGCAATTAGATTATAAGAATCGATGATTCTTTTAACCCAACTGATCTTCCGAAATCTGTTTGAGTCGAAGGGGAAGGGTTCCCTAAGGAAGGCCTTCTTCTTCAGCTCCTTTTTGAACTTCTTCATGTCTCTTTGAAAACCAGNNNNNNNNNNATGTTATTGATGACTGCATCGGAGACGATATACGCCTTCGATGAGTCGTCAGACCCTGAATAGAGCACATCGGGGAATGAGACCAACAGCGAGCTGATGATCCCATCCACCGTGTGCAAGATTTCTTTAAGATGGAGTGTACCCTTCTTGTCAACAAGGAGGTCACGCACCATCCGTCGA,NA,NA
NCBI,Narnaviridae,unclassified Narnaviridae,Linepithema humile narna-like virus 1,LhuNLV1,RdRp,GGGGGCAATGCCGTTACGACATTGCGGAGCAATCCGAAGGTTGATGACGGTACCCCTCGTTTTGCCCAGGGTCTTCGGTCCAGATTCCATCCGAAATTCTTCGGATGGGTCCCCGAAACCCTTGGTAAATGGGAACATAGACGATACAGGCGGTAGCGACCTTCAACCGGTCGCTTACGAGGCTAAGACGATCGCCTCCCAATGCCCATCTAGGACCCACCTTCCCGAACGATCGGAAGGTCCTACCCCATTCCCTGAAACTACAGGGAGGCCGATGAACTACCTCCCATGGTTTGAGGTGAATGGTCCTCCGCTTTGCAGCAAGATAGTGTGCTGTGCGCTCGGGTTCTGTAACAGGAACCCGGAGGCCGAGGGAAATATTCTTTATTCCTTCGAGATAGCGTTCCGTAAAGCCGATAAGGCCACCGGAAGCTCGCCTCCTGAGCTTGGCGACCAGCTGTGGTCCCTTTGGAACATGGCTGATCATCCAACCCAGTCGCCGCCGCGTCTCAAGATCTATATAGATGCGGTCACGGAGGATCTCCGAAACGGTAGGAAGTCCGGCCCCTCCAACTTCCCGCGGGAGGCTCAGAGGGATGCCGGACTTGAGAGCCGCGATGAGAATATCACCACGGCCTTGGGTCGCGAGGCGCCTAATCAACGCGCGCCTCTTTGGGCGGAACCCCATGGCTACGTTCTCCACGATTTCGGAGAGCATAAGCAACTTCGACCGGTATCTGTTGGGACCGGTCGTGGCCACTTTTATCAGGCCTCGCAAGGGAATATCCTGAAGGAGTGTAGCCCGCGTGTAGGCCCATTGGCCTGCGGTTACCTTCCGGTGGCTAAAGAAATAGCCATGGCGAACGTTCTTTATCAACTTACGTTCGGCTCGGAAGGTTCTCTCGGCAAAAGTTCCTCCGATAGTAGAGAGGAACGTCTTGGCCTTGTTGATCTTAAAGCCAAGTTCTTCCAACATGCCCATGTATATTCGTGGCTTATGGAAGCAACCGATGAGGTCGTCCCCCCGTATGAGGTGGGGACAATATTCAAAACCGCTGCGGACTACAGCGAACCTGTGGAGGAGGCAAAGGGTCATGAACGACAACGGAGTGCCCATTTGCGTACCGCGGAATGTGATTCGGCCTTTTGTGCCAGCGATCACCATTGGAGAGAACATCTTCTCCGTATATCTGCGGACCCAAGATCCCTCCGATACACCGAGGGCATCGTATATGCCGGCCCAGAGGGCCTTGCAATACAGATGGGGCACATAATCCGTTGCGTTCGAAAGATCGCAACTGACCCAAGTGCCGACCCGGTCCAAACTCCTGGACAACATGTTATTAAACAAGTTCCAGGAGGGCACCCTATCGGCATCAAGCCACTCCTCCTCAGAGACCAGTGGCCACAATTGCTGACGGATCAGGTCCCCTGGGGTGAGAGCATAATTGGGAAACAGGGTCAAAACCGTGTCTTCCAGCCATACTCTGGCACCCCAATGACCCTAGGAGAAAACTCCTTAGAATCCGCCATCTGGATTTGATTCTCCAGAATCAGCTCGTCCAAGACGGGCTGCATGCCACATTGAGCCCGTGGAGGTGGCTTGTAGCCACCTTCACGTGCGGCCAAGTTAACAATGGTCTCATCAAAGGCGAATTCGCCTATGAGGTCTCGTGCATCGTTCATCATCTCCTTCAGTCGGCCACCTTCAGACATCGAAGTCATGAAAGTGGATGCCGACTCCGAGGGAGTAAAGTTTACCTCTGTCGTGAGTCGGTCCTTGCGTTGAGTTGCAAATTCGTGGGCGAATCGGTATATGTCGTTCGACATCCGTTCGTTATCTACGGATGGTTCGTGGATGGGGCCATCAGGCCTTCGGGTATTCACCCGAATCCACTCGTGCACAGCCTTGGAAGTGATCTTCTGCCAAGGCTTGGGCATCAAACGGCCCAAACGTCCAAGCTGCGCGTATTGGGTGGCGTGACAGACGTGGCCCTTCAGCCACTTCTGGAACACCAAGGGTACCTCTGGCACAAAGTGCAGAGGCCCACCCAATACGGCTTTAGATCTATACTCGTGAGCGAGAGACTTAAGTCCCTTCACGATAGTTTGGACGGGTGCACGCAACACCCATTTTGCAAGCAATTTGGGTGGAATGATATTCCGATAGCCTTTGGGGTTCACCGCGGTCAGTGTGATCGCGACCGCGGTCCAGATAGCTCGCCTGTCCGTCATATGTTCCACACACGGCGTGGCCGGTCCTGGTATCACGGAGATCCAGGAACCAACCCCACCAACACCAGGGGTAACCGGCCACGCGGTAATATCGGTGGATAAAGTCCAACGGTATACCCGCAATGACGCAGTCATTGCCCC,MH213236,https://www.ncbi.nlm.nih.gov/nuccore/MH213236
NCBI,Narnaviridae,unclassified Narnaviridae,Insect narna-like virus 1 ,iNLV-1,RdRp,GGGAAATCCTCAAATATTTGGGGACTCTTTGATTTCCATTACTGGAAGTCTGTACTCTGAAAAGAGTACCATTATCTCTGTCAATGCAGGTCGGCTCCCAGTACTACTGGGTAACCGATTTGCTCTTACTAGGGCCCTTGCTGACTTAGTTAGCAAGGGGGGTCCGGAAGAAGACTTGATTCTTCGACCAGATTGCCCTGGTAAGTTGACTCCCGGTAAAGGGTTCCCTCGACTGGTGTCCCGCGAAGAGCGGGATACCTGCCTGGTGTACCTCCGGGATTTAAATCTCAAATGGACGGAGCTCCTCAGGGCTAGAGGGGAGTCGATCCCAGTACCGAAATGGCTGGAAGATCGGCTTCCCAACAGATCTGTGGAGAGCTTCGTTTTTGATGATGGCGACGCATGGTACTTAAGTACCACGCCTCGCGTCACCAAAACAGTAGGGTCGTCAGTGGATGGGGCGCCTAGAATAATAGAACGCCCACCCCCGACGATCCACACTATGCAGGATGCCGCGGTGATAGAGACATATGTCCATCGCGCACGGGATCTGTGTAGTGCGGTTCCTACTGCCATCGAGTGGCTAGAACGCCAGACTGTTTATCCAATTGGCATACCAATTTGCCAAGAGGGTACCAGAAAAGGCGCAATAGTCTTACGGGGACCAGGAGTTCTCGGACTCTCTAAGGAGCTCCGAGGACTTGTGGAATCCATAGTTATGGATCGGAAGATCACTTGGGCTGGTATTCCAGCAAAGATCCCTGAGGATTTCGACACCTCGTCCTTCGTGGACTGGGTGAAGAAATACCGGAAGGGGTCGGCCAAGTTCCATCCTGCCTATGCGGCAATTTGGATTAGCATCCTTCTGGATAAGGACTCTCATCAGAGATACCTTACCCTTACGGGTGCTAAGAGCCTTCCTCGATTCTTTGAGATCAAATCGACTGCTTATACCAATAAGGTTACACAGTTGATTGACCTCGCAAAAGAACCTCCCACCGAACCCGAGTCAGATTTCTTTGATGAACCTGGCTTAGGAAGGTTTGTTAGGATTAGGAAGATAGACTTCCTGAACCTAATGGAGGAGCAGGACGTGGTAGCCCGTCATCGTGCAGGAGCGCTTTATGTGCTCTCCGAATTGCATGATGCGGGCCGCCTCGCCCAGTCTCTGGGGTTCGAAAGCCTAGCAGGGGCTCCCAAGGGTCTTCCCTCGGGTATACCCCCGCCAAAGCTTTTATCTTCGTCAGATACCATAACCTGGGGTTGTCCCGGGTGTGGCACCTGGCAGAGGATAATTGACTCCCCGGACTCTTCCTGTTGTGGATGCAACTCGAGGGTATCAGCGGTAATTCAACGCTGTCCCCTAGAGTCCCACGCGGAGGGGAAAGGGAAAGAAGTGGTGGTTGCCCCTGCTCCAGATAGTGAGCAAAGACAGCCTCCAGGAGGTTCAGCCTCCTCTTCTTCAAAGGGTAATCCTAAGAAGAAGAAGAAGTCGAAATCTCCTTCTGTGGGTACAGAGCCGACTCAGTCCCAGGGCGATATCCCTGGTTCCGAGAAGGGCGCCGTGCCCCCGGAAGTGTCTGGCGATGGAGAATCGTCCTCAGATGGTGATAAGACCCCGATACCGGGTGATCTTCTGAACCAACTCAGGGCGTACTTCAACGTACGGACCCTACCTCCGGAAGAATGGGAGGGGATGGCGCCTAGTGAGCGCAAGGCTTTTCTTAAGAAAAGTCCTCGCGTTCCCAGGTGGGCTCTTAGGTATGCCCGGAAGGATCCCACAAATGTTGGGAAGATCATTTCCGGGGACCTTAAGGCTCCTGCCCCCCTACCCGTTGTGAGGGAGAGGTCTCCCCAGCAGATATGGGCTGAGCTCAAGCAATCCTATCCAGGAGTTGCTTTATTGCATCGGCCTATTACCCCTAGGGAGAAGGAACTTCGGAAAAGGTACGACGAGCTCCTTGGCGGATTTGCCAAAGATGCAAAGAAGTACCACATCCCTTTGCCGCGGGGTCAGACAGAGAGCCTTTCCCCAAAGAAGCAACGAACAACCGATACGGCTGCTCGCTCCTCTGGGAGGCAAGGGGGTGTAGTTCCCGGTTCCTACAGACAAGGGTCGCCTGGCTCGAATGAGCTTCGGGCAGCCCTTAGTCTGCTTAAAGAAATGGGGGAAGTCTTTAAGGCCTTTAAGTGAGAAAGGCGGAGGGGCGAGGACGTGTCCTCTTGCAGCTGCATAGCGGCTGACCCTCTTCCTTTTTCTCCGTAGGTCCGTTGGATTTCTCCCATTTGCCTAGCCGCCACTTGGGTTGCAAGAGCGGAAGGCCAGTCCCATCGGTCGCGGTGGCTCAGCGCTTACTGAGTCGAACCTCCCGAAGGGAGAGGTGGAAGGAGTCTTCAGGGGGATGACCTCCCCGCTCGTCTTATGCGAGATGATTCCTTAGCGCCTTTACGCCCAATTAGG,MW297845.1,https://www.ncbi.nlm.nih.gov/nuccore/MW297845.1
NCBI,Narnaviridae,unclassified Narnavirus,Drosophila-associated narnavirus 1,DANV,RdRp,CTAATGGTTTCCCAAAGCTGTTAGTCTGTAGGCAGAGTGCCGTCCCGGGTTAGCTCCCTGGGATGGCGCCCCGGCGAGGGGTCCCGCCTCCATTTGCTCGACAGAATTCTGATGAACGGCCTAAAACGGTAGCTGTGAAACCGAGTCCCGCCCGAAGGCGGGGCCGTAAGGCCCCGCCTTCCCGCGGGGCGCGACCTGGCCGTAAGGCCAAGCCGTCTCCCCGCGGTCAGGGACGACGGTTCCGCAAGCTACAGTTGAAAGCTGCTCGTCAGCGGTTCTATTCGAGTAGTGGGGACAGTTTGTGTGCTGGTTCCGACAGGACTCACGCACTCCCCCGTCCGAACCTGTTCGCACTTCCTTCTCTTCGGGACTTGTCGCGCAGACCTGAGTCTCTATCGAGGGACTACCAGGGAATCACCCGGCGCCATGTAGGCACGGGTCCTGGGTCTTCCGATAACACTCAGGCTGCACTGGCCACGTCCGACCCTTGGGTCGGAGACGTGATCCAGTCTTCAGGCGGCTTAGTCTCCCGGGAGGCCTTCGTGGCGCTCCCAGAGAGGGCTGTGCTCGCAGCGTTCGCGGCGGGAGGAGTGTCTGCCTCGGAAGCTCGCAATTCGGTGCTGTACCGTCTTGCGAAAGCGAAGGAGTCTTCAACCCTTAAGGGGCTGAAGGCGCTCAAGGCCGAAAGCTCCGCCCACCGTGCCAGGTTTATCCTGCATGGTGGGTCACAGCTGGACGCCCAGCTCTCCTTCGTTGGACGTGCTCTACCTCCGGCCTCCTTGGAGGCCCGTCGTGCTGCGTTAGTGCAGCACCGTGAGGATATGACGTCCACCTTCGAAACAGATGTTGACACACTCACTCTCGCGCGTGGGTTCGCCCGTAGCTGGGCGAGCTCGCATCTGGCTCGCGCCCGAGCGCCGTTGGGGGAACTCCAGTGGCCTTCTTCCTCGTCATGCCTCGAAATGGGCACTGGGCGAGGAGGCACGCTGAAGTTCCTTCTGGGAGCGGTTTCCAATAGGGAACTCCCCGTGGCCGTCCCGGAAGATGCGGAGGGGGGCGTAACTGCCCTTCACGCAAAATTCTTGGACTACGCCATGGAGGAGTTCCGCAAGGATCCTGTTCCCCGGCACCGAGTCGCTTGCCTCGCGGAGCGTGGTGTGAAAACTCGTGTGGTCACTGTCGGGCCAGCCTGGGCCCAGGTTCTAGGCCACGCAGTCCGTAAGAGACTGCTAAGAGCGTTGAAGTCCTGCCCAGGCACGTACGCTCCCCTTTCGGGGGCGCGCGATGCCGAGCTGGGTTCGATCTTTGAGGGCGGGCACTCTGAAGTGCTCGTCTCCACCGATCTTACCCGGGCTTCTGACCTCCTCCCCTTCGACCTCTTGTCCGCCATCATCGACGGGCTCGAGGAGTCGGGGAGGCTTTCCCCCTTAGAGGTTGAGATTCTGAGGGCCCTCTCGGGCCCCCAGCGTCTCTTGTACGGGAAAGATGAAGTCCTGTCGTCTAGGGGGTCCCTTATGGGGCTCCCCACGACGTGGGTTCTCCTCTCCCTCGTGCACCTCTTTTGGATGGATGAGGTCAAGCGATCTTCCCCTCCGGGCCAACTGCGCCGACGCCACAGATTCTCGATCTGTGGTGACGACGCCTTGTTGGCCACGACGCATGACGGCGCGGAAATTTACAAGTCCGCTGTCGCCCTCTGCGGCGGGACACCTTCTGAGGGTAAGCACTTTGAGTGCTCCTCAGGGGTTGTCCGGAGGGGTGTATTCCTCGAGAAGATCCTGGAATTCCCTGTGCGGGACGGGCTTTTAGGGCCTATGTCCCGTGTGCCGGTGATCCCCGTTCGGGGACTAACCAGCCAGGGTCTTCCTAGGGTCTTCAAGGGATCTGAACCGGTTGTATGTTCGTCGGTCGGTATCACGCAAGTGATGGTGATCGACTCCATACTTCAGGAGCAGGGACCTTCCGCTCTCGTTCCTCTCAGGAACTACGCCTTACGGCGGGTTCCTTGGTTGGAGCGGTATGCGGTCAAGGAATTGTCGCTAACGCCTGGCCTTCCACTCCGAGTCGGTGGGTATCCCCTCAGTCCTTCTTTCGAAGAGACCGAGGAGAACCGCGCGTTTCTCTTCCTTTCGGAGAGCAACTTCCGGGGGGTCGCCCAATTTGGTCTGGCTGTCAGTCGAGAGACTGACCCAGACTGGATTGCGGTTTCCTCCTGGGCGCGGGCGGATGCTGAAGGTCCCCTCAACCCTGCCGGGTGGTTTCCACCACTTCTGGCAGAGGAGGAGGGTCCCTTGCTTCCTACCCAGGTCCGGTTCCCAATTCCACTAACGGAATATGGTCCGGGCGCCGACATCGTGGTCTTCCCTACTAGGGAGTACTTGGACAGAGCTACCTTGGCGTACTTCATGCAGGTTAAGACCTACTCGGACCGTAAATCCGAAGTTAGGCACTTCCGAGCCGCCCACTTCCGTAAGGAGGTGAGGCAGTTCCGGGAGCGGGCTCGAGACTTCTTGTCTCTGATCCCGCTCGACCTGCTGAGTAACAGCCTTGGCGAGCCCTCGTCCTTCCTGGTTAGGTTCGATCACGACGGAGTGGGCCATGGGTCCGTGGCTTGGCTAGCGCCAGCACACGAATCTCGCCAACGGGTGTACACCGAGGTACTAGACCTTTGGTGCGCGGCGTCCCTTTAGGGGGACTCCCGTTCTACAGGATTCTGGAGTAATCCAGTTTCCCGGAGGCCTTTCGGTTTCAACAGCAGAAGCCGGGGGGCC,MZ852366.1,https://www.ncbi.nlm.nih.gov/nuccore/2160075275
NCBI,Narnaviridae,unclassified Narnaviridae,Culex narnavirus 1,CxNV1,RdRp,TGGCGAAGCCACAACGACCGAAGGTCCCTAACCGATGGTTCTTACCTAAGGTCATGGTACTTTCTGGAACTTGTGCACAGCCAAATCCCTCCGGAGTTGCATCCGCCGTTACGGTGGTCGCTTCTCCTTCGGTTGGCGCCTCTGCGAAGCTCCGAAAGGGGCCGGTAGTTGGTACCGACCGAATTCCAAAATCGTCTATGTCCTCTCCACGTGGCCATGTTGGACGCAAGCCACGCAAAACTGTGAAACCCAAGCCTGACCCTCTTCAAGGGCAGGCTCAACGAGCATGGGATGTCTGGCGTCTGGCTCTGTTCGCCCTTATGCCTTCCTTGCAGAAGAAGGGGTTGGACGTGCGAAAGGCTAAACCGGCTAAGAAGCCGGTTACCGCCCAGCACGCCACCCAGCGAGCCATCCAGGTGCTCTACAAGTGGCTGGCGAGCTCCTTTGTCCGCTCCGGGCCCGAATGGACCTGCAAGCAGATAAAGGAGTACGCGAACTACTGCCGCTCCCGTTCCCTTGGCGACGAACGTACCGACGCGCCGCGCGGCTTCCCCGTTAAAGGATTCGAGGCAGGCTTTATTAAGGCCTGCATCATGGATCCTAACGCGGGAGGCACTGCGCTGGCGCAACTGGCACGAGTCGGTCGTGCGATGCCAATGGGAACAACGAGAGTGGCGGTTGCTGCCTTGCGGAAGCACCGTGACACCCTGACATCCGCCACGGTGGTGCCCGAGGAAACGCAGGTAAATCTGCGCCTCTGGGCAGAGAGATGGACGCGTGATCGGCTGGCAGCGGGAGCTCGTGCCCGAGAAGGCACGGCGACGTCGTTCTCCCGCGCCGCCTCCGCGTCGGTAAGTGCAGCTGATGGGGGTCAACTGGCGGAGCTTCGACAGCTCCCGCGTTTCGTTGATCACCGCCAAATGCTGCGGGACTTGTTGCTCGAGGAACAGGGCTTTGACCTTGATAGCGACGACATCTTCCTCTCCGCGACGTGCGACGAAGGGGATGACCTTCAACTGCTGGCCGATTGTGCGATTGAAACCGCACGAGACCGCTGCATGGAAGGTTCTCCAATCCCCATGGTCGCGACTACCGTCTTGGAGTTGGGAATGAAGGCGCGCGTGGTCACGAAACCTCCTGCGTGGGCTGTGGTGGCGGGTGACGCTTGCCGACAGTCGGTCTGGCCGCTTTTGGAAAGCGACAGACGGATTGACTTGTCGGGCGCCCGCCCCAACACCGAGTCCCTGGACCGCTTCCACGACAACTTGGCTCATAGCCTCGTGGGCGCCGCGACTCCCCAGTTCTTCTCGGCGGACCTCACCGCAGCGACGGATCTGATGCCTTTCAGCGTCAGTTGGTCGCTCTGGGACGGTCTCTGTGATGGACTGGGAGCTGCAGCAGATGCCCCGCTCCGCCTGCTCGGTCGTTACCTCCTCGGTCCGGTCACCGTTGGTTACCCAACCTTGGCTGCGATAGAGGAGTCCGACCGCTTGTATCAAGCAGGAGAGCCGACGGAGATCGTCTCCGTCCGAGGCTGCATGATGGGCCTTCCGCTGTCGTGGACGTTGCTCAACCTGTACAATCTGGCCGTTGCGGACATGGCCTGCTCCCCTGTGGGAGTGGTCCAAGTCGGAGTTGCTCCGGCGATTGCCCGAGGCGACGATCTCGTCGCCGCAATCCCTCCGGGAGAAGCCGATCGCTACGAAGAGCTGATCGCGCTCACCGGGGGCGAGGCAAATCGCCTGAAAAGCTTCCGCTCCGCAACTGCCTTCGTGCTGGCTGAGCGCACGTTCAGGGTCGAGACGCAGGAGATTCCGGACCGCGTTCGAGGTCTGCCCAGGGGGTGGAGGTGGCGCCGTGTAAGTCGTTTCGGCGACCCTGCCCTTCCCCCCCTCCTTACTCGAGAGCACCAGCCTGGCTTGAGGGGCCAGCCGAGCCGCAATCTCGAAGGGGCGCGTGAGGTGGTCGGGATCCGCATGTCGGTTGACCTTCCTCTTCGCGCGCTCATTGCTGGCTCGGCGTCCTTCGCCGGTGGTGCCGCTGTCCCCACTTACATCTCTCTTCCTCCTGCGGCAACATCTTGCCTTTCCGAGTTCGAGGGAACTCGCTTCTACCCTGCCGTTGCCAGGGGGCTGCTGTCCGTCCACCGTAATCTCGTTAGTGAGATGCGGCGGTCGGCAGTGCCCTTGTTTTACCCGCGGGAACTCGGGGGTGGAGGTTTCCCTCACCCCGGTGGGTTCGGAGCGGGTCTGGCTAGCGCTGGCCTGCTGGGCCTGCAGCGGGCGGGGTTGGCGCTCACCTCGCATGGGTGGGCGGCTCGGAAGAAGGCTGCGTTGCTGGAGGATCCGTGGATGCCTCGTCGTCAAAACGCCCAGCTGAATCGCGCGCGCGAACAACTTCTCGCGTCGGAACGCCGTGCTTGGGCCCAGTCCGTTCTTAAACGTGGCGAGACGGTTGCTTCGTTGGAGGCAGCCGGTCTCGCTGAACGGGCGAAGGAGCTCAAATTGGCACTGGCAACTCCCGTACCAGAGTACGAGAGGGTTCCGCGCGGCGCGCGCATAGCTGTGCCCCTGGAGGATGAAACCATTCGACAGGCGGCACGGGCGGGACTTTGGGAAGATGCTTTCCTCTCCCCAACCGTTGACGACGGAGGCCGCTCGAAGACCAAGTATCCTTCCCTCGGCGACATTGCTCGCCGTCTTAAGCGAATTCGTGAGGTCACGTCGAAGTGTAAGTTCGATCCGCGCTTCGTCCCTAACAAGGACCGAGTGCAGAGAGACAGCTTCTTCGAGAAACTCCGAATGCTTCGTGGGTCGGAAACGGTCTTGGTACCGGTCGACTCTCGGCCGGTACGGGTCACAGTCTGGGATCCTGCCCGTCATAGGGCTGATCCGGAGTTGGACAATGACGATTGTGGGTATCCTGGCAGGCGGCGTTTGCTGCGTGCCCTGGATAGGGAAGAGGGGGGAGATCCGGAGCTGGTCCCTGACCCCGTGCCGCTGCTGCAGCGCGGAGCCGGTGCAACGCTCGGTGACCTTGTGGTCTTTCGGCCGGCTAAGAGCCGCCATGGACCCAAGTCCCGTGCAGGTACTGGTGCACGTCGGGAAAAGCGCTCCCGGAGAACCCCTCAACA,OM817537.1,https://www.ncbi.nlm.nih.gov/nuccore/OM817537.1
NCBI,Narnaviridae,Narnavirus,Leptomonas Narna-like virus 1,Lepsey NLV1,RdRp,ATGCCCACTATTCGTAACGAACTCAACCCGAGGGTCAGTTTCTTTGCGGAAAAGCATGGTAAGGGCACTTTTAAGTGCCCCCTGTCTCTTCGGCATTATCTTGGTGATTCAAGACACCTTCGAAAGAAGTGTCTCTTGCATCCAAGGGCAGGACTTCTTAAAGAAGTTCTTGGAAAGTCTTGGAAAACATTTAAATGTTTCAAGACTTCCAGCATTGTCAGAGCACATGAATTATATTTATGTTATCTTGACATATGCGTCTGCCTTGACCCCGAGATTTTGTCCATAGAGTCAAATAGGTCAATAGGAGTCAAAGTCTTCAATACAGCCTGTTTTAGTACAAGCACCGCAACCTCTCTTTATAAGGAGTTTGTGGAAAATGTATTGATTCTTCTTAAGTGTAAAGAAGGAGAAGAAAGATGGACCCGCCAAAATCCTTTTAAAAGGATGATGACTTGGAAAATCTTTCAGGATGCAATTGCATCCGTGCAACTCTCCAAGGGAAAATCCCTTGAGAGGGTTCTCTCCGTTCTTACTACCCGGAACTTTCCAGAACCGGATGGTAAGTCTATACAGAAGAAGAAAGTAGACTTCATAGGGATTATTTCTCAACAACCACCGAAAGGATGGAAGTCTGAGGAATATCGATCTCATTTCCTCGAATCTATAGAGGAGATCGCAAATGAATGCGAATCCACTACAGTTTCCGATTGCCACATTTCTGTGACAGCCGCCGGCTCACTGAAGAAAACAGTGAGGGAGGGAGGAAAGTTCGCAGAGATGATCGAGGAAGTTAAAGGTTTCCTTGCGGAGACCCCTTCCAACGAGGAGCTCTACGAATTTGCAAATCTAAAATGGACTTGCAATACCAATGAACCAAGGTGGAAGACCTTCGGTATTATTGGTGAGATCAATCCCATGTCCGCTATGACTCTCTTTACCGAAGGAGTGGACTTCTTAAACGAAGTTCCAAACCAGTACTTGGGTCCAATTGACTTTTCTGGAGGGTCACTTCCCCCTGGAATTATTCCAGAGGAGGATCTGTTTATAACAGATCTAAGACCTTTCAGAATGGGTCTTGGAGCCCAATTCGGTAATCAGCTTCTACTTTACTGCTGCGTCTTTTATAAAAAAGATGAGCTCCCTATGATTAGGGCCTCCCCTGTGTTAGAGGGAGGAGATAAAGTAAGATGGATAACGATGGCCTCATGGAGAGACCTCGTTATTCAACAAGCTGCAGCAACGATCTTTCGATCGTTGATGGAGAGCCATAAGGAAATGAAACCTATTTTCTCGCGTGCAAATCTTGCTTGGGTTTACCTAAACAAGGCACGTGAGATAGGACCTAGTGACATCTGTTACGTTTCGGACTACAGTTCTGCAACGGACACAGTTGACAGGGAGTTTGCTGAGTTTATCTTAACAAACTTTATCAAGCGGTTCCGCAATAGACTTTCTGATCCTCTCCTCAATTTCTTAGAATTAGGGATTAGGAATGCAGTAAGTCCCAAGGTTGTTATCTTTCCGACAGGAGAGAGAATAACCTCAAGCAGAGGCGTCTTCATGGGTGAACCGATGAGTAAAGTTATTCTTACACTCATCATGTTCACGATAGGAAAGGCCGCAAAATCAATATACAAATTGAGATTCCCAAAGTCAATGGAGAAATTGACATTTTGGGCACCAGGTGATGACCTGGTGGCGACTGGCCCTACCGAATATATTGACATATATTCCGAACTCGCCAAGATCCTTGGTCAGATTCTTAACCACTCAAAGGTGTTTAAGTCACGCACAGTTTTTAAACTGTGTGAGCAATGGTTTTGGGTGCCAGGGCTGAAAAGCTCTGTTGGCACCTGGGCCATCACTACTGATCCAGGGAAGTATAGGGAATCCGCATGGGTAGACACCGTGAAATTAAAACTTCTCGGTGCCATGAGTCTGAGTAATCATAGTCACTTTGAAGAGAGAAACGAGGTTATTGGGAAGGCGAAAGCCTTATCCAAAATTCTTCGTTGGCTCCCTAGTGACACTTACCCTTTAGAGTATAAAAAGCTCTTAAGGACTTGGTTTTTGTGTAGGTTTGAACCTAAATTACCAAGAACAGACTCAAAGACCTTTGCTTTCCTTATGTTACCCGGACACCTAGGAGGTTTTGACCTCCTGCTAGATGACCAGGAGATAAGAGAGGCATACCAAAAAGTGAGTTCCTTCTCTAGAATCTTATTTAACAACTACTATGATGATTTCATAGTTGGAAGTTATCTAAGAAACATGTTGAGAAATAGGTCCTATAGGGGTTTCGCCCTATCGGAAGACTATAATCTCACCGTAGAGAAGCTGGTCAAGTATTATACTGACCTGCTTGAGGAAGCACCTTATGAGGAGTACAAAGACTCCAAGGTGGAGGGTCTCTCATTTAGAGAGACCGACCGTGCCCTTTTTAAGGCAGGCTTCCTCACGGAAAACAGGATACGTGATATAGTATCACGTCCTCTCGCTTTTGGAAGCATATGGGGTAGAACGTTGAAACATTCACCCTATAATACCACTCCTATCTCTGTACGTCTCGCCAAACTCTGGAAGAATCTGACGGGAGATACAGAACGTTGGAAGAATATTTCATTGAAAGGTGAAATATCCGAAGACGATTTTGTAGTCCTGTGTAAAGAGAATAAAGGTCCAGTACTCAAGGTCTACCGTCGAAACGATAGTCTTGAAGATGAAGTCCTCATAGGGCTTCCTTCTATGAAGGTAAGCCTCGGCATATTGCCCCATGATGGATACATCTCTTGGTAGTGGATCACTCTTTAGGCTCTTTACCAGTCGTATTTCTAAATACTTCTGGTTTCTGTGTGGGCTTTCAG,KY628364.1,https://www.ncbi.nlm.nih.gov/nuccore/KY628364.1
NCBI,Narnaviridae,Narnavirus,Blechmonas luni narnavirus 1,BlNV-1,RdRp,CCCCGGGGGGGGGAGCGGTTGGGTTCAGTACCCGGCCAAACCCGCGCGAGTGATCGCGCGGGGGGCCCACCTTCTGCCGAAAAGTTTCAGCAGACTTGCAGGCCTATGCCGTGGTCTTGGTACCCGACCTGGTCTAGAAAGGCTGATCCTGATCGGAGTTGATCAGGGGCTCGTCCCTTGGTCGACGGTCTCCTTTGCAGATTGTGTGAAGGATGAAACGAAGCGACTGGCGAGCACGGCTGACATCTGTGATGCCATCCTTGCCACGATGATGCTGATTAACCCTGATCGAGGCCCCTATATCTCTCGGGCCTTCTTCTGGGTGATCAGCAATCTTCGTGCACGGGGCCTGAAGGCTGTGATCGCGGACCTAAAGGGTTTATCCCTTTGGGCTCGCGCCACGGCCATCGGCTCCGAGCGTTCAGTCAAATCGTTTCGAGCGCTCTCGCTAGAGTGGTTTGGGAAACTTGATCGTATGGGGCTGTGCCAACTGGGCAGGCTTGGGAGAGCGCTGCCCAAGGCCGATGCATCGTTTGTGGAAGATAGTATCAAATCGTATGCATCGGCCATGCAGGAGGATACTGGGCCTACTCCGGCCCATTGCCTCCTGCGTCTCCGCGCCTATGCTCGGGCCTGGGCACGTATGATCCACCCACATACTGTGCCCATCCCCGAGCCTCATACTTCTACCTCTGCTTCCTACCTGACGTCCGTTAAGGACGGTGGGCAAGAGGCGGAGTGTCTGGCGCTCCCAGTGCCAGAGTATGAGGTCTGTCTCGAGGGGCTCCCTGAGAAACGTCTTGAGACGTTCATCGGGCCCCCCCGGGACGAGGTCGGCGTGGAGCGGGATAAATCCCGGTTGGCATATACCCCCATGGTGTCACTGGTGGCTTCGATCCGCAAGGTAGATTGGCTCGTCGCGGCATTTACGGCCGCTGGACCCTACCCTCTTAAGGGTGGGGGCGAGTCCAAGTACCCTCCTGTTCGCCTAGCGGCAATTCAGGAGTTGGGGTTCAAAGTCCGTCCAGTGACAACACATCAAGTTTCCGAGATCATTGCCGCCCAGCATCTCCGCCAGTTCCTCTTCCAGTGTCTGAAGAAATGGAAGGTAACTGCGCCGGTGATGTCTGGTGAGAAGACGCGCGCGATAAAGGAGGTGGTCGAGGCTTGGGAGGAGGGAGACGTAGTCTATTCCTCCGACCTCACCTCTGCCACCGACCTTTGCCGGCAAGATGCCCATATCGCCGTCCTCGAGGAGATTCTCCTCGAGTGGGGTTTTGGGCACCGCGCCGTGCATATTGCGCACTTTGCCCTTGGGCCCCACTTGGTGGACGCCACCGCTTACAAGGCTGGATGCTTTGTTCAGCGGCGCGGAATCCTCATGGGCAACCCATTGACATGGTCCCTTCTCAATCTCGTGAACTTCTTCTGCGCGGCCGAAGCGCTTAGCCCAGGTGGGGCCATAGTGCCAAGTATCCGCGCAGCAGAGAGGAAGTTCAGGATCTGCGGCGATGATTTGATTGGTTGTGTGGATAGGTCCGTGGTAGTCAGGTATGAAGAGCAGTTGGGCTATGTAGGCTATCAGCCTTCTATCCCTAAGTCCTTCGTATCTGAGTGGGGAGGGGTCTTCGCGGAGACCACCTTTCTTCTTGACCGCGTGGTGTCTCTGAAGCCGGAACCTTTTCCGGCCTTAGATAAGCCCAGGCGGCTAGTAGAGAGTGTCTCCGTTAGACCCCGTTTCTTGGGGGATTTCCCCTCCAAGATACTCCTCCCGAAACCCAGCGGGCTTGCTTTACCACTTCGTATAGGCCCGGACTGCACGGCCTCCCTCTCCGACATTGAGGAGGGGGAGCACCGACAGTCTAGGCTTGATGTGATGAAACGAGCCGTTGGTGTTTTCTACCCGGACATGGTTTCGACGCTGTTAAAGGCCGGGATCGACCCTGGGGCCCCTCGGGGCTTAGGCGGGGCTGAATTGCCCTGGGTGAAAGGTTGCCGCCTCTCCTCTTCCGGGAGAGCTGCGGCTATCCTCGCATCCGGCAACCACTTGCGTGGTTCTGCCTTGTCCCATAAGTCCATCCTTGCCGCAGCACTGGGTGCGCCATACCAGACCGACTACCGCGAGGTAGACGATCTGGTCCTTGGGTTGCTTGAGGACTCGGCGCCCATAGCCTCGGTAGGCCTCTCCTCTCCGCATGCCTCCCTTCCCGGTTTACCGGTATGGGATGTGCATAGTGGCGAGGCAGAAGCCTACCTGAGGAAGGAAGCTTCCCTGATAGAGGGATCACTTCGGGCTATGGGCGTCCTACCCTTGATTCCCAAGACGCACTCAAAGTCGAAAACCGTGGGGAGGGTCGGCCGGGAGGTTGTGAAACTCCGTAACCGGCTCCTCTCCACCTATCCAAACGCACCGATCAGCCACCATCCTAGCGAGAGTCTCAGAAAGGCCCGTGACATACCTCTAGTCATGGGACCTTTCCATCCTTCTCTGCAATCCTCCATCTTCCGCGAAGGGGCGAAGGGCATCTCGAGGGAGGTCAAGGTACTTGCGTACCCTGACTCTCCACATAACCGTCAGCTTCTTTTGAAGCTTTCCGGTTTTTCGAGAGACCTTCTCCCAAATGGAATTTGGAGACCCGTGGAGTACGGGTAGTTCGGTCACAGTGTCTTCGTTTCTGTGGCCCGAGCAGGAGACTAACTGGCGTTAGCCTAGGAGGGGGGCTCCCCCCCCTCCGCCTACCTACGGG,NC_040829.1,https://www.ncbi.nlm.nih.gov/nuccore/NC_040829.1
NCBI,Narnaviridae,Narnavirus,Aedes angustivittatus narnavirus ,AaNV,RdRp,TTGCAGGGTGACCGAGCTGTGTTGTCGTTTATCGATGCACATCCGGTCACCCTGCAAAGGTTGACCGTTGTCGAAGTATCGTTCATCGGTGCATATCCTGACGCATTTCCCAGCTTGTTTAGTCAAGCGGGAGTGCGTCGAGCGCCGACAAACGGAGTTCTGCGACGAGCTAGAGATCCCTCTCTAGCTCCGAACTCGACTTCGTTTGATTCCTGTGATGAGGCTTTCCGTAAGTTGCTTCGAGCAGTGCCCTTAAAGAAACGGAAATATGTGAAGACAATGATCTTCGAAACCTGGCGTGTCCTGGTTGCTACTTTGGCAGCAACTGGTTACACCAAGTTCCGAGGAGCTTCTCCTTCAGATAGGACCGCCTTGCGGGGCCTGTGTAATCTTGCCTATCATCTGGTTAAGAGCTGCATCTTTTCGGGTGTTGGGTACACAATGAAATGGTTTAAGCAAGAAACCGCAAGGCTTCGAGCTTTCGCCATATTCCAAGTACCCATATCCAAAAGACGCGGCGGTCTTGTGAAGTTCCTTCGAGGCTCGCTCAGGTCGGTAGTTGATTCAGATAGCAAAGCTATCCAGATCAGCTATCTTGCTCGGGCCCTCCCACAAGGAGGACCTGGGCTCCTGAAACAGGCTTTGAAAGAACATCACAGGGTCTTAACCAGTGAGCACAAGACGCCAGCTCACATCTTGTCCCGTGCCGAAGAATTCGCTCGCCGATGGGCTGCGCGATTCCTCGACACGCTGGTTTCAGCCCCTGCGAATGTCTCGTTTGGTGCTAGTATGGAAGCCACTCGGCAGAGTGGTGGACATGCTAGTGCCTTACAAGGTACATTCGCAAAGGCCGAAGCCCAGCGGAGAAATCCGGAACGGGAGGTGAGACTCAAAGCAGCTGAGGCAGTCCCTGAGACCACTCGGGGGCAGCGTAGCGAGGCGGTGAAAGAGTCCTTCATGCGCGATGACTTGCTTCAACAAGTCAGAGACATGGGGGTTCCTTCCCACCAAGCTATTCCGCTCGCCGAACGCGGTTGGAAGTGTAGAGTGGTAACAAAGAGCCCATCAGCTCTTGTCGCCGTTGGACACTACTTCCGCGTTTGGTTACTTAGTGGCCTCAGAAAGGATAGGAGATCCGGCCCGGTGCTGAGAGGCGACCACCGCAAAGCGGTAGCCGACGTGTTCAAACACTGCTTTAGGGTCGAAGGGAGACGAATAGTCTCCTCAGACTTGACAGCAGCCTCTGACACGCTTGCGACTGACTTTATCCAAGCCCTCGTAAGAGGTCTGGTAAAAGGCAGTCCCTCGCTCCCAGACTGGGCTGAGGAGATGTTGATGACCCTTACAGGTCCTCAGCAAATCCTCTGGCCAGGCCTTAATGGTGCTCAAGCAACTTCGAAGAGGGGTATCCTGATGGGGATACCGACCACTTGGTCATTGCTCTCCATAGCTCAGTTATACTGGGCTGAAGAAGCTTGGGCTCCACTATTGTCTGGTCCCGGTTCAAACCCTCCTTTTAGGGGTTCTCCATCCACAGCCGTCTGCGGAGACGATCTCGTAGGTTGGTGGCCTAACCGGGTCATCCAACGTTACGCGAAAGTCCTCGCAGCGACTGGGGGGGTAACTTCTCAATCCAAACACTACATTGCCGAAAGGCGATGCGTGTTCACTGAGGAGTGTTACAGGCTCTTGGTTGACAAACCAAGCTCCAAGATAACATTGGCTCAGTGGGAACGCGGACGCGCTCCTAGGATTGGGAACTTGCCCCGTGGCAAAGAGGTGCTCCTCTCTGAAGCACTTAAGATGCGCCAGATCCGTTCCGGATCTCGCTGCTTAGGTGTGCTCCGGTTCGCTTCCGTCCCTCTCCGAGGGTTGGTTGCTCCCCAGAGCGTTCAAAGAGGAATCACTTCGCCATGGTGGATTACCCTAGGACTGTCTGCAGAGTCGGTTGCTCAGCACTCCGAATGTCCGCATGCAGTTCGTCGCGTTATCCGCGTCCTCTGGCCCAACGCCTGGCGTTGGTACAGGGAACGTGGGTTCTGCCCCGAACTGCCTCGTGCACTCGGAGGTGCTGGGCTCCCGACTTTGCACGGAAAGCCCACTTTGCGGAGCGAGGGACTGCCTTTTACCAGACCTCTTACGAGGGCTTGG,MK285331.1,https://www.ncbi.nlm.nih.gov/nuccore/1567319223
NCBI,Narnaviridae,unclassified Narnaviridae,Guiyang Paspalum thunbergii narna-like virus 1,GPtNV1,RdRp,TATCTAAACAATCAATTATCACCAAATGATAATTAATGGTTTTTTATCACGCTAGTATACCCCTGACCGTCAACAAACGGGGGGTAAATGCCAGCAAACGTAGCGGGGGGGCGGAGCAATTCATAGAATTGCTCCGCTCCCTCTCTAATTCACTTAATGGTAACCCAGACTCCAATGAGTTCCTCACTGGAGCCTGGGATTACGATTATGTCAACATCTGGGAAGATAGAGTCAAAGGACTCTTTCTTCACCAGATGGATCAAAAACAAGCGGTCGAGTATCTTAATACCAATACATATTGGTTTAAGAGACTCAGACCGAACACTCGTAGGATGTTAATTCCGTTGCTTGCTACCAAGCAAGGGCGTTTACATCTGAAGGAGATATTACACACTGTTGACGGAATTATGATAGCTGTCATAATTGCGTTTCCAGAAGTCATCTTAGTGCCCGAACCGGATAAGGCTTACCTTATCACGGATCGTATCACTAACAACATCATTTCTTCGTGCTTGTTCAATTATGGACAAACACTGAAGAAGTGGAAAAGTTTCAAGAAGGATTTCAAGAAATGTGCATTTTTGGACACAAAAATGGACTTTTCTGATTTCCGTTTTAGAAGCATGTCTTGGGTGGTTAATGTTATAAAATTTTATAACAATAACCTCCAAGGAACGAATTCGAAGGCGAAGATGTTTCGTGTTTGTGCTTTCACACAAACACGAGCCACCGGATTAGCCGACAAAAAGATGGTCCGTGACACGATTGATGAATTCATCAAAACTGTCACGGTTAAACAAGAATTCAACCCATCTAACGTACTCCAGGAGTCGATAGATGAGGTTGTGTCTTTTGTGACCACGAATGTCAATTCGGTGAGCCCACACTTCAGAGTAAGTATGAGCACATCGGCTTGCGCTGAGAGTTCAAAAAAGAAGGAGGGTAAGTTCGGTTTCTTGAAAGAATCTTTCAAGAAAGGCGAACTTCCCCCAATAGAAAAGTTTTCTCCGGACAACCCGGGTGGCCAATTGGGCACGCGGATGTTCGAAGAAGCAAGAAGAAGGATCAAGTCTTCTGATAATGAAATATTCAAGGTGAATGTTACATGTATCAGAGAGAATGGAAAGGGGAGGGTCGTAACGTCTGGATCTATTCACAAAGATGCAGCGTTGCAACCCTTCTCACATTTGACAATTGAAACGGTGAAATGCCATCCCACTTTGCGGGATAGCCTTTCATCGGGAAGACTTTGTTGGGAGTTCATCTCGAAAATATCACATCTAGATAGTTTTCGAGGCGAACTCCTGTTTGAAGACGAGGTCTATGTGATGTCTTTTGATTTTGAAAAGGCAACAGATAGACCTTCACACGAGTCCGCACATGCGGTGATGCGCCCTTTTCTTGAGAAAATGGGCACACCACCGGATCTTGTCGAAGAGATACTGTCCATCTGGCCAGGCCGGAAGGACATGTACCTCAACGGAGAATATGTCGGTCAAATGGTCAACGGGATCCCCATGGGGGATCCCTTGACCAAGACGAATTTATCCCTCGTCCATCCTATTTGCGAAACATACGCAAATAAGATGGTCGGGAAGAGAGTCATTGGTTGTGGGGTTGGTAACGGAGATGACGGAGTTCAGATCCGCTGCGGACCCCACGCAAAAGAATGGTTCGATCATTTTCTAGCTGGTGCGAAGCAGCTAGGATATGATCTCTCCGAGAAAGATTACTTCATAACACGTGACTGGTTCACGTATTGTGAGGAAATCGCTATGATTCCTATCGATCGGTTTCACACTGTACCAAATGCGGTACGGTTGCGAGACGATCGTCTACTTCCATATCTTGATGTACCTAAGCTAAGGTTAGCTATAGATACAAAGAAAGATCGAAGAGATTTTTCCTCTGACACCAAGGGTAAATACACCTTGATGTCGAAGGATCTGGAATATGCTTGTAGAGGAGGTGTCAAAGGGATGGGTCTTCCCTTTGAGGTCGCCTCTATATGTCAGGATATTGCCTTGGGTCTGAACCGGGAAAAAGTTCCCGTGTACATCCCAAGGCAAATTTACTCAGTTGGTAAAACTCCGGGGTTCATGAACCCCGAGAGTTGGACCAATGCCATATTCAGCCAAAGGACCTGGTGTGTTCAAGTAACATACCAGGTCCTGAGGGAAATGATTGACGAGACGCCGAGACTACTCACGAATTATCGTGGAGTAATCACGACGTCAACTCATTTCGACAACGAATCACTCGTTGAGGTTAAGACTATCCCCAGCGATGATCCGATACGTGAAAGAGTCGTAGTACGCAAGGAGGAATTTGAAAAATTTCCTCCTGGCGTGCTCGAAAGATTAAGAGAGGCCGGTAGGCTTGTACCTGAGAGAAAGATACAAGCCTACTACCTTTTCCAGAAAAGAATTGATGACCTCCAACAAATCCAAACTGATTCGGATTTGTTTGAGATCATCAAACAAATGAGTGTAGGATTACAAACCCCGTCAAAACAAGATTTGATGGGAGTTTGTGATCGTTTCAGAAGAAAATTTTGGGACAGACCCTGGACTATGGAAACATCCATAGCCGAGGATCTGTACCCACAAGAAGTTATAACTTGGCTCGAGAGGTCTAATCCGCTGAGAGTAGACCTACCCGAGTTCAAGTTCCTTGATAAATTTTCAAAGCCTCTGCCTGCTGATACCCCGAAGGGTCGGGATATCAACAGACTGGAGGCCTGGTTCTGGGATAATGTTGAAAATATCCTGTCGGGGGAAGATTTTGATCTTCCTCCGACAGGTATTATCGAAGATGATCCGATTATGATCATGGCGGCTTCGCGCAGCGAAGCCGCCCTGGTCATATTTGTAACAAATGACAGGGCCCTTGTCCGACTAGGTCGGAACAAGGTCCCGTCAAAAGTAATGGGACATATATCCATCGAGGACTGGGTCAATCTTGACGCAGACGAGATGGCTATAATCGAACCGCTCAAAGAGCGTTTCCCTGGTCTGACAATCGAAGTGATTGTAGATCAAGGATCGCTTGAGACTTTTCTAATGAAGACTGACATCTCTCCAACCAAGTACCCCGGTTGGACAGAATCATTCTCACGAAGTAAAGTTAGGAGTCAGGCAGACATCTATGATGTTTACTTGCCTCCTAAAATCTTAAATACCGATACAGTTTTCGATGTTGTAAACATCGAAAAATGGGATCGATTGAGATTGCGGAACAGTGATGCAGTGTGAAGCACACTCAGCATTTGTTCCATTGTGCTGGTACCCCCCGAATAGTGATGTCCGCGGGACCTGAGGCCTTGGGTCGGCCGGGTCCCACATCACGCTTCTCAC,OM514596.1,https://www.ncbi.nlm.nih.gov/nuccore/2284931872
NCBI,Narnaviridae,Narnavirus,Saccharomyces 23S RNA narnavirus,ScNV-23S,RdRp,CGAGCACGCTCCTCAGGTAAACTGAGGACGCACCTGTAGCGTCGGTCTAGGTCGGTTGCACGTGAAACACGGGCAACTGGCCTAGGGGCCATGCATCACAAGGTTAATGTGAAAACACAGCGAGAAGTCCATTTCCCAATGGACCTCTTGCAAGCCTGTGGTGCATCTGCCCCTAGGCCAGTTGCCCGTGTTTCACGTGCAACCGACCTAGACCGACGCTACAGGTGCGTCCTCAGTTTACCTGAGGAGCGTGCTCGCAGTGTTGGGTGTAAATGGTCGTCGACCCGAGCGGTACTACGGCGTGGGCTCCAGGAGCTAGGCTCCCGTGAGTTCCGCCGTCGTCTCCGTCTGGCGGACGATTGCTGGCGCGCCATTTGCGCGGCCGTTTGCACGGGTCGGAAGTTCCCTTCCTTCTCGTTGGCAAGTCGGCCGGCAAGGGCCCGCCTTGCAAAAGTCTACCGTATGGGTCGTCGACTGCTAGTAGGTGTGGTCTGTCGAGGCGAATCGGTCGTCTCCGACCTCAAACAGGAATGTGCAGATTTGCGGCGCGTGATCTTCGAGGGGTCCACTCGGGTCCCTTCCAGCTCCCTTTGGGGGCTGGTTGGGGTCCTGGGTTGGACTTCCCCGGAGAGGGCGATGCAGCTGACGTTCATCGGCCGGGCTCTTCCTTACGGAAGTCCGGACGTTGAGCGCCGGGCTCTCGCCTCACACGCTGCCACTTTGTCCATTCCTGCTGAGTGCCATCCTAACTACCTAGTAGCCGCGGAACAATTCGCGAAATCCTGGGCAGACGAGAATCTGCCTAAGAAATTCCGGATTTCTCCCATTGCGGTACAGGAGTCCTCCTGTATGGAGTACTCCCGTGCGCAAGGTGGCTTACTACAGTCGTTTAGGAAGGGCTTTGTCGGGTATGATCCCGCGGCGCCTTCGGCAGACCCTGATGATCTCGAGCTGGCTAAGGAGCGGGGATTCTCTCGAATCCGTGCTTCTTGGTACTCCACTTTCCGCTATCGCGGGGAGTTGAAGTCCACCAATCAGTCTCTCGAAGCCCGGGTCGCCGTCGTCCCCGAGAGGGGGTTTAAGGCGAGGATTGTGACCACGCACAGCGCATCGCGCGTCACGTTTGGTCATCAATTCCGCCGTTACCTCCTCCAGGGAATCCGGCGACACCCGGCTTTGGTTGACGTGATTGGGGGCGATCATCGGCGAGCAGTCGAAACTATGGATGGCGACTTCGGCCTATTAAGGCCGGATGGTCGTCTCCTTTCCGCGGACCTGACGTCGGCATCCGATCGGATACCCCACGATTTGGTGAAAGCCATATTGCGGGGCATCTTTTCAGACCCCGATCGCCGTCCCGCGGGAACGTCCCTTGCGGACGTTTTCGACCTCGTCCTCGGACCCTATCACCTTCACTACCCTGACGGTAGTGAGGTGACCGTTCGTCAGGGAATCCTTATGGGACTCCCGACGACCTGGCCTCTGCTTTGTCTAATCCACCTGTTCTGGGTGGAGCTCTCCGATTGGGCCCCCGCGCGTCCTAATCATTCGCGCGGGTTCGTCCTCGGGGAGTCCTTCAGAATCTGTGGAGACGACCTGATTGCATGGTGGCGACCCGAAAGGATCGCCCTCTACAACCAGATCGCCGTAGACTGCGGAGCCCAGTTCTCAGTGGGGAAGCACCTCGAGTCTAAGACTTGGGGGATCTTCACTGAGAAGGTCTTCACGGTAAAACCAGTGAAGATGAGGGTTCGTATTCGCCCTGAGCCATCTCTGAAGGGTTACGTGTTTTCCCGATCAAGTGCGTTTTCCTGCCGAATGGGAGGAAAAGGCATAACTGGCGTCCGAGCGGCCCAGTTATATACCATCGGAGCAGCGCCTCGTTGGAGTCGCCGCTTCGGGGATATTTATCCTGGCTCGCTCGAACATCGTACCGCTTCTCAACGGTACGGTGATCCAGTTACTGTGTACCGGTTTCGCCGCTGGTCCTCCGCAATTCCACTTCGGTGGGCTGTTCGGGCCCCCACCCGTACGGTGGGGAATCCTGTCCAGTCCTTACCGGATTGGTTCACGGTGGGACCAGCTGCTTCGTCGGTCGCCACCGACTCGAATGCCTTTGGGGCGGTATCGAGGGTCCTTCGACGGATGTTTCCGGGTTTACCCCGGAAGCTTGCGTCGGCAGGGATTCCTCCTTACCTACCTCGGGTGTTCGGCGGCGGCGGTCTGGTGAAGTCCACCGGACTCACAACTAAGATCGGGGCCGTGGCCTCCCGTCGCTGGATGAGCCGGATCGGGCATGATCTTTACCGATCCCACGAGAGGAAGTCGACGTTAGGGAGGGTGTGGACCTTGTCCACGTCCCCCGCCTACGCCGCCTCCCTCCGTGAGGTCGAAAAGTTCATGGATCGACCCGATATCATCCTGACGAGGAAGTGTCGGAACCCCATGTTGAAGCATGCTCGGGAGCTCGGTTTATTCGAAGAGGTCTTCGAGAGCCGGGTGGGAGGAGGAATCTTGTGGGCTTCCCTTAATGGGAAGGCCCTCGTAGAGTCCCGCTCCCCCTCGATTCTCCAGGTCTCCCGGAATCTCCGGCGATCCCTTGCGTGCCCCAATGGGGGGTTCCTCAGACCATCTGCCCCTATTGGGAAGTTGGTCCAACGGCACACGTTGCCTCGGGGAACGGTCTGGTTCGTAGAAAGTTCCACGACCGACCCGGCCTCTGAGGGAGGGATGGGCTTGCCACCACCACCACCGCCGCCTCCAGGCGGGGGTGGGGTGGCGGGTCCGCCACCACCTCCTTTCATGGGCCTTCGCCCCGAATCATCAGCTCCTACTAGCGTTCCATTTACACCTTCAATGTTCTCTGAACGCCTTGCTGCGTTAGAGTCATTGTTCGGCCGTCCGCCACCTCAATGATGGCAGAACGGGGAAACTCGTTCCGCTCAGGCACGGTTTTATTACCGGGCCTG,MW476518.1,https://www.ncbi.nlm.nih.gov/nuccore/MW476518.1
NCBI,Narnaviridae,Narnavirus,Erysiphe necator associated narnavirus 27,EnNV27,RdRp,AGCTTTTCTAATGGTTTTTCAACACTGCTGCATTCCCCTCAACGTAAAACTACGCGGGGTTACACAGCCAGGAAGAAAACTTAATTCCGACAAGGAGTTCACTGAGCTCCTTGAAGGTATTCGGTTAAGCTTAGTCGAAGGCAAGGCACCATCTGATGCCTTTGTCTGGGACTATGAATATGAAAATATGTTTACGTCAAGGCCGGGAGGCCGACCTCTACATAAACATAGATCAGATATAATCGTGGATATTCTGGCGAAGCGTACGTACTGGTACAAACGCTTAGCGAGTTATAACAAACTTTTGGTCAAGACCTTGGTCAAGTCCAATAAGTTGCTCCACTTGAAAGAGATACTACATGTAGCTGACGGATTCATCTGCCAGTTACTAGTAAGTTTTCCAGAAGTCATTCTCAATGAATCCGTGAAGCCATATGACTACACGGATTTAGTGAGTAATTCAATAATCTCCAACTGTCTTCAGAACTATGCGCTAGTTCTCAAGACACTGAAGAAATTCAAGAAGTTGTTCCGCAAACAAGCCTTCCTACGGGAGAGGTTTGAGTGGGACGGAAAATATCGCCAGTTTTCGTGGTTGAAGCCCATTGTGGACTTCTACAACAAGAACTTGGCATCTTCAAATTCAAGGGCAAAAATGTTCAGGGTGATCGCGTTCACGCAATCGCGCTCAACAGGTTTGGCCGACAAAAAGATGATGGATGAGACCATCCAGGAATTCCTGGATGCTGTCACCGTCAAGAAAGAATTTAAGCCTGATTCTCTCCTTCTCGAAACCATCGAGGAGGTGACTACAGAGCTTGTCAATAATGCTATGGGTGTATCGGCGAACTTCAGAACGTCGATGTCAACCTCAGCATGTAAAGAAAATTCAAAGAAGAAGGAAGGTAAATTCGGTCACCTCAAAAAGAGGATTCGCGAAAATACATTCCCGGCTCCCCCTAGCTTCTCGCCCTTCAACGAAGGTGGAGAGATAGGGACGCCCCTCTGGCGAGAGGCTTTTGAACGTGCAGAACGCGGCGACGAAGATCTATGGAAGGTCAACGTAGCAGCGATTCGTGAAAACGGAAAGTGTAGGATTGTGACCAGTGGGTCCTTTTACAAGGACGCACTGCTACAACCCTTTTCACATTTAACTATTGAAATGGCCAAATGTAACGAAACCCTTGCGGAATCGTTCCAAGCGGCCAGACTAGGTTATCAATTCGTACTTGGCATCGATAGTTTGGATGCCAAGCGCGGAGAGATTATATTCGAAGACGAACTGTCAGCACAGTGCTTCGACTTTGAGAAGGCCACAGACCGCCCCACACACGAAAGTGGGCGCGCTCTGATGGGTCCGCTCTTGTTGAAGACTGGACTGACTGAACATCAGGTCAAAGTGATCCTTGATGTCTGGGTGGGGGATAAAATCCTCTACTCAGGCAAGAAGGTGATCGGTAAAATGGTTAACGGAATCCCCATGGGGGACCCGTTGACCAAGACTAATTTATCACTCGTTCACGTAGTCTCTTCAAGGTACGCCAAGAAGAAACTAGGTAAGCGAATAGTTACACTAGGAACCGGAAATGGGGACGACGGAGTTCAAATTGCCGCCGGCCCACTCAGGTTCGAATATTTCAAGCATTTCCTACATTGCGCGGCAATGTTAGGTTATGAGAAATCAGAAGATGATACCTTCATCACTGAAGACTGGATGGTCTACTGTGAGGAGGTTTTCAGAATTCCAATTGATCGATTTCATACTGTTCGCAATGCGAACAGGCTGAAGGATCAAAGTATAAGTCCATACTTAGACGTACCCAAGGGTCGGCTAATCGTGGACACAAAGAAAGATCGCGCAGACTTCAGTTCTGACCCAAAAGGCAAGTACACCCTTATGGGAAAGGATCTGGAGTATGTCAAGAAAGACGGCGGAGAGGGAATTAATTTCCTCTTCGCGGTCTCATCCGCGTGTCAAGATATATGTCTTGGTCTGAAAGACAGGCGTGAGCCGGTCTTCCTACCCAGACAGATTTTCGGTATAGGTAAGATGGTCCCAATGTGGAACCATGTTGCCTGGACCAATGCGATAATGTCACAAAAACCTTGGTGCAGAAACGTCTGCCTCAGGGTAATTCGTGAATATTTAGGAGTTGTGAAGCCAATACTCTCCGAATTTCGGGGAGTAATGTCTTCACAACCACATTTCGACAAGGAGAGTTCCGTGGAAATCATGAAGATTCCCGAGGACTCCCCTTTGAATGCTTTCAAGGTTGTCCAACGAGACGACTGGGATAAATTCCCACTCGGTTCGCTGGAGAAACTTGCATACAGCGGAAAGTTAGTACGAGAGACCGAGATCTCAAAACACTACCTTTTCCAAACGAGGCTCGCTAGTCTCGAACAGGATCAGAACGCTGACCTCTTCGAAACTATTCGAACAATGAGTATAGAATTGAAAGAGTACACAAGAGAGGAAACTCTGTTGTGGACCCGAAAATTCTGCGACATATTTGAGAATGCGCCTTGGCGCTTGAAGTATATCAAGCGTGAAGACCTATTCGATTCATCTGTGATACAGCTCTTAGCGAAGACCAACCCTTTGAGGGTTGATCTCGGTGAAAGCTATACATATCCGGCGCGTTTTTGCAAACCACCAAAACCCGACACCCCTTACCAAAGGGACGTGGAGAACTTGATGGTTTGGTTCAACGACAACTATGAAGATATTCTCGCAGGCAACTCATATGAGTTGCCCCCGACGAACATCATTGAAGATGATCCAATTCTCTTACTGAAAGCCGAGGCTTCAGAAAGTGATATGGTAATACTTGTTTCTGATGACTGGAAGCTTGCTCGCCTGATGGCGAATAAGGTTGTAGCCAAACTAATTGGTCAGATCTCGATACGGAATTGGCTTGCCTATTCCGCCTCGGAGGAGACATTTCAGAATCTTCTGCGAGAAGTCCTACCGAATGTTTCGGTAGAATTCCTCGTAGATCAAGGGTCTATTGAGACTTTCCTCGACAATCATCCGTATACGGGTGATGGCAAGGATCTTCTCAGATTACTGGATGATTCAATCGTCCTTCCAGATCAGCTTAAGCGGACATGGACGGAAGATTTACACAGAACGCCTATCGTTCCCAACCCGTATTACGGGAAGAAAACGATTAGGCCTGTATTAAGAAAGGAAAACCTCTTTTCAGTCGTTAAGTTAGCGACGAACAGAGGCCTTCCTTCATGGAAGAGATGGGTCCAACGTGTCACCACGTCGTGAGACCCTCAATTCTTCTTTGCTGGTATCCCTTACAAGACGGGCCTTCGGCAAGGCATTTCGACTAGTCGATTTGCCTCCGAGTGAGCCCTTTCTTGGTCTCATAAGAG,MN605440.1,https://www.ncbi.nlm.nih.gov/nuccore/1841985104
NCBI,Botourmiaviridae,Ourmiavirus,Cassava virus,CMV,RdRp,CCCAATTTTGACAAACAAAGATGTCAAAACGCCCACTTGCCGCCTGTCTTAGTGTAGAGGAAACCTCCTTTTATGCGAAGACGGAAGTGAGTAAGCTCTGCGGATTGGTAGACCGCATGGGAAAACTCCCAAGGACCTACGCTGGCGACGATCTCCCGATCGACGACAACTTAAAACCCGTTGCCCGTAGTGTTCTTGCCCCTATTTTGGGGACTCGATTGACGCGGGAGCGAACAGAATACATATGCTCCCTGAGCTCTCAACTGGTGGTCGGGATATCCGACGTTACATACATCCTCCTTGGCAGTGCATTATCAGTCAAAGAGATAAGATGGCAGTCCCAATTATTTGCTATACTGGCTATTGCCGGTAAGCTTGAGGCCGCCTTCAAATCCCACACTGGCTTTCTTTTAGCCACCTGCCTTGGAGACCGCTACGATTCACCTGATCCTTCATCGTCAAATTATGGAGGCATAGCCCCCGGAAGGATCTTTCCGCCGCGTTTTCAACGTAAGATCTGGATGAGATGTGTACTTAGGAGACGCCCTCAAGACGTGACTTTAGCGTCAAGTCTTGTAAATATAAAGAGGGTCGCTCCCCCGGTTCCTGACTCCTTTGTTCAGGAAAGCCTAAATAAAAACCGGGAAAGGCTTTCGAAGCCTCAGTCTGATTGTCCAGATCCTATTCTCGACATGCTCGAGCGGCAGGTTGTCCGTACTGTGGACGAGATTGTGTATAATGCCAAGAAAGAGGGTTGGAATCGCAAGATCGCGAGATCTGCTTTTCCTTCTCAATCGGCATCCTTTGCTCGTTCCATCGCCTCGGGCGGACAGCTAGGTGAAATAGTCCCAGAGAATTGGTCTCTCCGTTTTCCAACGTTGTTAGCCATGGTAGAACGCTGCCAAGAGGTAGTGCCCATATATGGCTGGCATGAATCGCCGGAGACCGTTCTTACCGAGAATCTGCGGGGACATATAGACGCCTGTCTAGAGGTTAGACGCTCTCCGGTGCTGGAGCCCTTTAAAGTTAGAACAATTACAATGGGTCCGGCTGAACCGTACTTTAAGGCTCGAAGGATACAAGGGGTACTCTGGGATTTGCTTAAGCATACCAGATGCACTCACCTGCCCAATCGGCCTATTCATGAGAGCGACATTTCCTTTTTCTGCTCAAGGCGTGGGGATGCTGTTTTCCCCGACGAGGAGACTTTCTTTGTGAGCGGAGACTACTCCGCAGCGACTGATTGCCTGTCTCCCGTCCTATCAACTGTAGCGGTTGACCGGTTATGCGACCACCTTCTCAGCCCTGAAAACCAAGTCCTGGATCCTGTGCATCCATGGCGTGCCCTTTTCCATAGAGTCCTTGTCGGCCATAAGATAATGGAAGGAAAACGAGGAGAAGAGGTAGAGATCGCTGCCCAAACTTGGGGTCAGCTTATGGGATCTCCCCTCTCCTTCCCTATCCTATGCATAGTAAATCTGGCCATCACCCGCGCGTCGATTGAACATACTGCCAAAAGGCAGTTGTATCTTGAAGAATGCGGGATACTTGTTAATGGGGATGATATTCTGTTTAAACTTCCCCTTAGAGGACTCGCCCGCTGGGACTTCCTTGTCACCCGCGGGGGACTACATCCATCTCCCGGAAAGAATTTCGTGAGTAAGGACTATGCCGTCCTTAACTCAACTATTTACCGTGTTGGGAGAACTGCCGAGCTGATCCCTACTATAAAAGGGAATCTAATCAACGGTACAGCTTGTCGTGGTATTGAAAGGCCACGGGATGGTAGTCTATACTTCTCAGATGCGAGCAAATATTCATGGGGAACAATTGGGGATCGAGCCCGGGAACTTATAAAAGGATTCCCAAACCATATCGCCGATCAATTGCTCTCCCGCTTCCTCATTTCGATGAAGCCGCATCTGGATCTTTTTCCACGAATATCGTGGTGGGCACATCCTCAATACGGAGGACTTGGTCTGCCTGTGACTCGGCCTGGAGACTTTCTTCCGGTGCACCGTAGGGTAGGTGCGTTTCTAGCTTGTGGTGGAAGACGTTCTCAGGAGTTTCGGATGAACATGCAATGGTTGTCCAACCCTGTGAAGCAGTTTAACGCCTTTACCTCTCAATATCTCATGGATATTGCGAGAAGCTTAAGCGTACCCGTGAAGCAGATCTATAACGATGAAACTGAACCAGAGTTCTTTCTGGAACGGGAAATCATGTACAGCGCGCTTCGCTTCGGGGTCGAATTCCCCACCAATGCCCGCGGAAACCGTGAACTTTTGGCGGCCTGGCGTCACTTTTATCGGCAGTTAGAACGTAGGGCGTTAAGGACTCGAATCACTGATGGTGACCTTCCGGAAAGGAAGGCGGACAGAAAGGGGCTTTTCCTCCTTTCCCCGGAGAAACTGATTGCTGGACCCCGATTCAAATATGTCTATGATTGGGCATGTAAGAATCAAGGTGGAAACATCTGGTCTAGTAGTTCTCGGGGGTATGTCCTATTCGATAAGCACAGAGTCCTTGAGTCGAGCGCTCTCCCTTTTGGGAAGGATGAGGTCAAGTCGAGTGTGAGCACTCACTTCACTCCAGTAAATGAGTATCGTCAGAGGATCTTCTTTTGGACATAGTCACTGCGGTCATATTTCCGCAAACTGATCTACAAGAAGACATGATCTTGGCATGAAATCCCGTCTGGAGTTAGTGTCTTCCCCTGGCTTTCGCCAGGAGAATCGGG,FJ157981.1,https://www.ncbi.nlm.nih.gov/nuccore/FJ157981.1